Name,avg_returns,avg_volatility,avg_annual_returns,avg_annual_volatility,sharpe_ratio
S&P 500,0.17428920890692298,0.1481707042216786,0.1111079410550458,0.09318334668832068,0.9314836888019771
3M,0.05908007113681543,0.26562140330679335,0.03137116834341142,0.17665611438340081,0.08587205732191444
A. O. Smith,0.3202025141529984,0.35581099514968734,0.193561380653361,0.2170677595714388,0.7979851754368158
Abbott,0.21133014786237223,0.2244205840324462,0.131820889298348,0.14242270907915913,0.7800511430401386
AbbVie,0.23264554840859855,0.2654127653491889,0.1434818794867665,0.16708155925761406,0.7398850367430964
Accenture,0.26696214803431123,0.20246543330689354,0.1675891354765803,0.12398685277387163,1.1394119455369252
Adobe Inc.,0.4356694526539843,0.41133368637108986,0.25983650787226464,0.2512554833408231,0.9709849961754276
Advanced Micro Devices,0.7925619222535427,1.4341882349443567,0.3893672589826759,0.7174123619519722,0.5273305756247247
AES Corporation,0.09867015298942637,0.2800466777912619,0.05737359193327296,0.17767874834744643,0.22281834841051007
Aflac,0.15640865385729394,0.23041265650946968,0.09678342626003748,0.14705053252709138,0.5214038191787841
Agilent Technologies,0.24016325466544086,0.2888236994065309,0.1476743287230595,0.17562598713796623,0.7059415149043109
Air Products and Chemicals,0.18106591596520805,0.19806386733350492,0.1138675001416278,0.1244558214993869,0.7310535896750464
Airbnb,-0.12008209396848857,0.3084340176279294,-0.09315445906770638,0.20662599658641612,-0.50692433324014
Akamai,0.15216626056436128,0.29682804615864156,0.0907176780162117,0.1901569853695326,0.39044708644645065
Albemarle Corporation,0.2988480199960705,0.6687914135980775,0.16056819672040623,0.38152333624934864,0.3926147972164967
Alexandria Real Estate Equities,0.09069331518621647,0.21380025484775733,0.05469159823626652,0.1423279984437992,0.2545492775901629
Align Technology,0.5732821468925976,0.7981316881807834,0.3147901278380017,0.4494748805862342,0.6728357488856311
Allegion,0.15319319202158083,0.18275480025750773,0.09650801145134837,0.11757931204567652,0.6397784194489328
Alliant Energy,0.140292463163593,0.13522188457138237,0.08968788205323532,0.08763596387132488,0.7692678498542426
Allstate,0.20497751243378134,0.23919209009749032,0.12759664000248022,0.14745715855950187,0.7053197185529521
Alphabet Inc. (Class A),0.32584998998946935,0.3018225215945112,0.2000625121784726,0.18140266797076993,0.9594359416703262
Alphabet Inc. (Class C),0.3283648787556477,0.3049745100154302,0.20145104542401354,0.18328864148960008,0.9577661555214632
Altria,0.10524832174735865,0.24288823524622644,0.06299546765167674,0.1589649909247236,0.28398949381515254
Amazon,0.46054918452551863,0.4228150193259368,0.27420209519891797,0.25585182228579,1.0034614438148104
Amcor,0.03258359322469934,0.1585858585431006,0.01897413018786702,0.10382567055961568,-0.023249371509539197
Ameren,0.14165456805375068,0.12802016622430765,0.09075061761062023,0.08280295975746807,0.8231824437954365
American Airlines Group,0.25852114676162213,0.7956415958944268,0.12141402145943832,0.4581866052690977,0.2793349834175654
American Electric Power,0.116154371877757,0.13236032033750325,0.074280482136916,0.08591937123952963,0.6035325156960613
American Express,0.2115498254394237,0.29368331964993327,0.12900215533209053,0.18375675807175584,0.5968306640030736
American International Group,0.12296338617118725,0.37930620337374543,0.0676705788638049,0.2355802019592629,0.22855616553056557
American Tower,0.20308691785572128,0.22971814651673222,0.1262954694996349,0.1472483940446903,0.7261781692873078
American Water Works,0.241804719608946,0.1946651844873642,0.15193088508728814,0.12391561775455419,1.0558339200924765
Ameriprise Financial,0.3136073660032522,0.40610823107194655,0.18724294980400874,0.2423845862241018,0.6829133960301134
Ametek,0.27251850157001833,0.22484548267273102,0.1701911341211423,0.13853290991421652,1.0507121779615947
Amgen,0.21607131845790958,0.21908049286472303,0.135373055333982,0.134443468256193,0.8207061310693924
Amphenol,0.28049164601930876,0.222692484972079,0.17534726838691408,0.13503379963809892,1.096673878706782
Analog Devices,0.23210582498035748,0.1734336006739701,0.14682552891207964,0.1068210129687786,1.1291653373579669
Ansys,0.2787814641153579,0.2982545624658468,0.17084227533983,0.18450417004257436,0.8131002166211649
Aon,0.2737847528802908,0.18042440037434362,0.17252941573964453,0.10964252803649883,1.316419162936779
APA Corporation,0.030114314235593798,0.695449592197263,-0.016393088448085517,0.397117232062298,-0.008852259890012416
Apple Inc.,0.4539664079592569,0.4427213166815934,0.27076850947383996,0.2555024953093187,0.9434734164687577
Applied Materials,0.4323798117135657,0.5946928989378107,0.2474557215820212,0.34390798526513605,0.6660735274541444
Aptiv,0.27761261248644653,0.5009603340312117,0.1585219073885567,0.2991714179283663,0.4817586968977127
Arch Capital Group,0.3014808694624056,0.2515339263815885,0.18707185651058017,0.15366336000184894,1.0543717044910368
Archer-Daniels-Midland,0.14453664558983725,0.2931451956049445,0.08642475469233658,0.18443246262948373,0.3693256190001294
Arista Networks,0.6658237819390977,0.7435045997688159,0.3758735175994929,0.4067490937766562,0.8467374208158536
Arthur J. Gallagher & Co.,0.29091078851061664,0.18846159898107614,0.1827680368711222,0.11533713684769088,1.3511515084304178
Assurant,0.19803058091864045,0.2502421122164623,0.12272717013402658,0.15476327600618645,0.6464138458541666
AT&T,-0.012259312453650209,0.1569250470244357,-0.010952485082939833,0.10470748447600672,-0.3092554575575208
Atmos Energy,0.17878974482175702,0.1529291639954229,0.11375565974616786,0.09740354885570293,0.9319290469664469
Autodesk,0.3025776191765205,0.38833723730078845,0.18062391902410085,0.23863063949762545,0.6857622160094938
Automatic Data Processing,0.24145155330170984,0.16146365573545077,0.15290079657164235,0.1005945018302075,1.2707561810179766
AutoZone,0.36555984357790705,0.28629180861177417,0.2245229405914659,0.17512414560991182,1.1501873923969386
AvalonBay Communities,0.08492923844328787,0.22181639181898263,0.051051602546881236,0.14250583154506763,0.21936441792304293
Avery Dennison,0.24486145255695405,0.30372522668053553,0.1494377520655509,0.18894278637972228,0.6867748196965775
Axon Enterprise,0.7122243747633937,0.7043170087792765,0.4051636852121583,0.3856790581356198,0.9597294280438163
Baker Hughes,0.011228642696577529,0.39543937360145515,-0.008315047013805374,0.25331101665506855,-0.06332695664946157
Ball Corporation,0.2037312712781412,0.297421376228516,0.12326720181576023,0.1915149763588867,0.5630417646354714
Bank of America,0.19156739961449668,0.4679433474185728,0.10486238711817913,0.29158852879271097,0.33187091066700736
Bank of New York Mellon,0.09745667070905444,0.2726878320234518,0.05660561578164136,0.17639897302354995,0.2243813209005423
"Bath & Body Works, Inc.",0.32038465373443,1.1190916082684774,0.14211859094116683,0.5644568569953295,0.2538791613386328
Baxter International,0.08857409170741067,0.2732718091417938,0.05007699849619082,0.18287500606206697,0.19139726525594378
Becton Dickinson,0.1618619540253593,0.17360222106754078,0.10245610425468847,0.10988652052649373,0.7234431592345254
Berkshire Hathaway,0.20193303209045352,0.1847813991188265,0.12750762553605743,0.11547467810180057,0.8965318918155537
Best Buy,0.18161148243543584,0.4631177708588004,0.09857805094492839,0.29064003863068166,0.31383133365793814
Bio-Rad,0.22359687974697762,0.3752535323562691,0.13180560483626588,0.23476581749213196,0.4991992048805053
Bio-Techne,0.24543816995126466,0.37492600630355394,0.14664035182686658,0.22592469202025925,0.557890228120873
Biogen,0.26248546187318894,0.4820110703909255,0.150416619022179,0.2888461726251915,0.4693146298975971
BlackRock,0.21163227691874698,0.3121906246700773,0.1282932193371146,0.19350578984460465,0.5617134157630194
Blackstone,0.342459018794493,0.4814777533980915,0.20027890865268008,0.28499441303167644,0.6359346862184214
Boeing,0.23061145439517394,0.4830073797559005,0.12895045023426027,0.29729547846547755,0.4023558392156693
Booking Holdings,0.34127681538852683,0.3950975292895296,0.20529468823828673,0.23192860734324666,0.771976987987919
BorgWarner,0.11684139979528642,0.3647959794708391,0.06390347171190121,0.23208598499748248,0.2208653317562123
Boston Properties,-0.004044778162165296,0.23661260656063163,-0.009463959597534611,0.16225362261341703,-0.17038565068155678
Boston Scientific,0.3198591208680914,0.36388592727855734,0.19357512424894624,0.216405596407861,0.7793335351627246
Bristol Myers Squibb,0.12794015672420336,0.22891622151483026,0.07837142026759554,0.1490180985337788,0.4004501793340035
Broadcom Inc.,0.5784840823880796,0.49663181657450856,0.34210065446780025,0.27375897946083944,1.0917815764641114
Broadridge Financial Solutions,0.2984873046224933,0.2702332113853298,0.18448871168082343,0.16486128473597492,0.9703348027140426
Brown & Brown,0.25434426393107035,0.18345173002746681,0.1603430022899923,0.11297705963138738,1.1887249530560042
Brown–Forman,0.18198809312061903,0.20285765422163532,0.11411758139723116,0.12958507334365635,0.7183237867637274
Builders FirstSource,0.735390565410117,0.7929419367000637,0.41287640971198364,0.424885008590163,0.8816786176721503
Bunge Global SA,0.10536512642333475,0.3590846993416956,0.05821176709328895,0.21845146499365706,0.19241842324074934
Cadence Design Systems,0.5103979262426276,0.2808906977362729,0.3116565180209217,0.15937561996805538,1.6879423750859013
Caesars Entertainment,0.7506878860646469,1.2465048569695911,0.38871325399032863,0.6148706863855063,0.573136371915435
Camden Property Trust,0.11846252786836088,0.2565369614836604,0.07138498716555078,0.16245962171369469,0.3203901403793184
Campbell Soup Company,0.057615580702521374,0.21473637247108487,0.033179365442084115,0.14159299338460546,0.09940079405629543
Capital One,0.1685113189043028,0.38850617647302865,0.09766050897204981,0.23132385546049716,0.3403825013509309
Cardinal Health,0.1564434532805517,0.32977515228873255,0.09199998986169793,0.20728462823756952,0.3644084088215598
CarMax,0.17443429136044925,0.3362873777329619,0.10251808007603525,0.21544357994278218,0.41085002216180333
Carnival,-0.026081221728320652,0.38268570736972896,-0.03639809362921375,0.2668443939720659,-0.16293223209981816
Carrier Global,0.3786663725574559,0.702257736924397,0.21124227592068556,0.37889073955093255,0.48756423715726194
Catalent,0.2580676854108895,0.5785542478534235,0.13627743924198876,0.3625064738365279,0.38336434563860394
Caterpillar Inc.,0.20229985934934672,0.35286034925022425,0.12011695444569066,0.21866972699397222,0.4705239478904531
Cboe Global Markets,0.2931509033385799,0.2974321423846092,0.1801841874677022,0.17961736993313374,0.8636601495486024
CBRE Group,0.2377931347775391,0.37309944778702653,0.14190549397188915,0.22544610432574314,0.5401308450245832
CDW,0.40573633892432776,0.23574925290972237,0.25086578563441214,0.1414118913797983,1.5671978578854013
Celanese,0.1969588428674275,0.3053191714706021,0.11919238956228441,0.19113048285172568,0.5262958998851219
Cencora,0.2583135274870531,0.2818577459193368,0.15893064013779717,0.1748385159830513,0.7877836104758715
Centene Corporation,0.3887826627534475,0.408776811587223,0.23317817198402876,0.24055941749959778,0.8623582306896654
CenterPoint Energy,0.10401386741206224,0.24910881339290467,0.06200264910915223,0.16182050395285635,0.2719424163411179
CF Industries,0.2836893446370332,0.5600253628799181,0.1571911450932615,0.3356312888862073,0.44179915102159073
CH Robinson,0.048576602547600975,0.17502039138456452,0.02884982766720428,0.11585276444874218,0.07031173730170935
Charles River Laboratories,0.3076770085809056,0.4622219322217201,0.18055070623239933,0.27141576044016147,0.5871776627089805
Charles Schwab Corporation,0.24676528183552157,0.4570384120807794,0.1419134590645881,0.2768239371849699,0.46056231053111246
Charter Communications,0.3827095152650946,0.4492653490139644,0.2248700958208553,0.27907001025873374,0.7711231263646803
Chevron Corporation,0.11266977501086563,0.29494050163754837,0.06589603807864725,0.18479509865493393,0.2590324483092703
Chipotle Mexican Grill,0.4553488651347714,0.6189819241207241,0.2586476854470137,0.3607755081308703,0.6770444079832431
Chubb Limited,0.18055293463872085,0.17699279675586782,0.11431189982545305,0.11014224608525221,0.8151875246742796
Church & Dwight,0.22842046232469584,0.1757100596475758,0.144392859399096,0.10934946836351757,1.093562018839254
Cigna,0.3002193739786882,0.2630135820772838,0.18586009686950683,0.16036279373055,1.003555622975404
Cincinnati Financial,0.19054664533304702,0.25759986484790076,0.11765259612308697,0.1597507128856138,0.5988979484054149
Cintas,0.41940728101175706,0.19095536684570427,0.26047540729113694,0.11298929833972551,2.0064199952819965
Cisco,0.12875101140272968,0.2194314750623389,0.0793531996875177,0.1424078396053706,0.421454563937692
Citigroup,0.06669491053864163,0.33238555060175595,0.03327167579971047,0.21214929297362947,0.09153314792846406
Citizens Financial Group,0.12720394331392523,0.4452550521412012,0.06593313104588447,0.2744315556611371,0.20422750536014345
Clorox,0.11654668698466647,0.17729425055644696,0.07304256792511224,0.11663925311405239,0.4527844076533156
CME Group,0.17151862521622108,0.21923179571501333,0.10689062980400355,0.13956085831120735,0.616917860883224
CMS Energy,0.16270804713979212,0.1466032928796097,0.10370170380633663,0.09413046442169465,0.8624460603179982
Coca-Cola Company (The),0.09109310025851444,0.10284875946517065,0.05881089707969981,0.06622747548314205,0.5330398322495349
Cognizant,0.12354385345937444,0.25982161330906495,0.07432628242543211,0.16639535232295863,0.33589676232759513
Colgate-Palmolive,0.08804216069545331,0.12781581734248676,0.0562531434914372,0.08263260919282747,0.4050480371345794
Comcast,0.20872088768767694,0.26846580361810374,0.12822821896683412,0.17022876413738927,0.6423547081134501
Comerica,0.14292391578505748,0.513199489084341,0.06990559751561273,0.31865344308341503,0.2078203569711711
Conagra Brands,0.08781293454359598,0.20381793062256187,0.05356631184710927,0.13224711603950565,0.25288412859473575
ConocoPhillips,0.19846697072715722,0.48855781501261614,0.10928154405730595,0.2942620677506215,0.33199009610938607
Consolidated Edison,0.08966021999554229,0.14323749920549408,0.05685338078444053,0.0932206125840512,0.3727348321881853
Constellation Brands,0.43294402006993604,0.5362804055507109,0.2538372656560001,0.29950559642486524,0.7396753660922248
Constellation Energy,1.043252819965903,0.18558036676671155,0.6087052542850004,0.09825888939118492,5.426124663637657
CooperCompanies,0.2921985720805694,0.28763778238785737,0.17978539365340926,0.17623484202979148,0.8897577890839915
Copart,0.4383694348427998,0.31276581110588664,0.2674482755586645,0.1853128902506285,1.2856226793296865
Corning Inc.,0.11024174933823523,0.3240147595139267,0.06222907996821601,0.20672773302581474,0.22829557111249033
Corpay,0.389501470040687,0.5946573959946296,0.22381379276383065,0.3317173210400933,0.594007335406537
Corteva,0.3873874506163412,0.33449333458006936,0.23543309171203963,0.20390781835840502,1.0496975561292252
CoStar Group,0.4455871324573176,0.41722587734135713,0.26683408083257326,0.24379233992830981,0.9810429791637887
Costco,0.29828144723881184,0.16585251870043946,0.18793346547417816,0.10124713903120972,1.579782052908856
Coterra,0.20880224496592156,0.48417790720450327,0.11580515032879742,0.2943144652119593,0.3563393282356477
Crown Castle,0.16152072149643384,0.2553182547717592,0.09851132948707743,0.1667639795176004,0.4905646360550036
CSX,0.2456795400751309,0.33661071444012813,0.1487926437155683,0.20413538979674492,0.6221101002601944
Cummins,0.16534816170420896,0.27615901682037264,0.10056047361335997,0.1738966963567261,0.4674029782704514
CVS Health,0.14662771096996186,0.3217923951447843,0.08573867812746752,0.20593178186486194,0.34294501010249695
Danaher Corporation,0.29495172296110117,0.2603870865603766,0.18290892749293455,0.15677899640110296,0.993448298884795
Darden Restaurants,0.2024151856749607,0.29438030674036486,0.12405051414397367,0.17594681060765371,0.5643875188137786
DaVita Inc.,0.16884734075053223,0.32688395284897936,0.10027958854847792,0.2037812161220405,0.4055773458101067
Dayforce,0.2860518231794502,0.5479680782925958,0.1578001526418365,0.3389504548665899,0.4558316776254778
Deckers Brands,0.45717965555198603,0.649747206534318,0.25528033229881436,0.3873600998973778,0.6478043099730165
John Deere,0.27047059763807485,0.3918582866617741,0.16226197486207136,0.22817951808204914,0.5976649999342583
Delta Air Lines,0.29081507424827185,0.697984532296214,0.1540004953608392,0.393091589919672,0.3646849574800032
Devon Energy,0.20571415421409375,1.0970858023547911,0.06949224947450748,0.5606085109416528,0.1544487578676819
Dexcom,0.7026873518531016,0.7727449188103602,0.3929444432909348,0.43037739813466586,0.8624019658555919
Diamondback Energy,0.4843362476932291,0.9496663588670132,0.25228598222296583,0.5098258632938502,0.4718137362069566
Digital Realty,0.1185366344049492,0.2438143240991896,0.07158612615750906,0.15899555623146386,0.3374125779638536
Discover Financial,0.3013266987984032,0.4664316441359717,0.1770798986314512,0.26923903978929176,0.5682635116304594
Dollar General,0.26638516209166274,0.28428181538714825,0.16318908154829215,0.18216645951358737,0.8094592579274017
Dollar Tree,0.2611963266344622,0.30440911826611267,0.16014058789052504,0.18385505943458408,0.7388928201280303
Dominion Energy,0.04055157167783816,0.1847791576778711,0.022904342406501473,0.1257179182410072,0.023167964209329893
Domino's,0.5197138014743844,0.43288892795612055,0.3096084271774557,0.2524218101952177,1.1167834414033826
Dover Corporation,0.2126856874538174,0.2765490224625631,0.13055807444824977,0.17312864037111486,0.6379160957315332
Dow Inc.,0.11028700239593982,0.29947196976436086,0.06419537033509008,0.18700531286902036,0.2471563121184677
DR Horton,0.3550422727092213,0.37085549185159544,0.21492562402131757,0.21789471740570995,0.85955760382984
DTE Energy,0.13454194382888096,0.1428823979656923,0.08580567178363366,0.09255118385481298,0.6877777141334787
Duke Energy,0.07843787065602825,0.11487642849919702,0.0502927826306997,0.07491888681996782,0.3670662157658904
DuPont,0.09983574154279416,0.2956182645825273,0.056731104180251,0.19209786348728367,0.215024355367331
Eastman Chemical Company,0.1521715410901956,0.3529376819744214,0.0877855041573547,0.22219631341057108,0.3283892093235548
Eaton Corporation,0.24351670271893894,0.3263795231536292,0.14795902388619456,0.19812329633652814,0.634984958462788
eBay,0.22136374454762098,0.3329177615687465,0.13317659065937537,0.20700561447616364,0.5559725287990461
Ecolab,0.1893491266084376,0.2331610090316099,0.11755798052759373,0.14874208317391557,0.6565356380901468
Edison International,0.09301140480864405,0.17090702820844925,0.058040130559054895,0.11280369846607176,0.3319979911727925
Edwards Lifesciences,0.32062050535997627,0.37810105988084936,0.19229076990379054,0.2325128467967663,0.7520473248169578
Electronic Arts,0.35190227483574676,0.5211518814496847,0.20364727747942274,0.3056306537911586,0.6056423689609047
Elevance Health,0.30713764984959985,0.300467237601969,0.18843019179134435,0.183340181494294,0.9014860896158408
Eli Lilly and Company,0.394392694065913,0.3161006595747232,0.24142917958327426,0.18390894336807434,1.1329368302540006
Emerson Electric,0.09552282289490342,0.23655721322063258,0.05734983616861256,0.1511548927895785,0.25047728336870817
Enphase,2.0691264196995633,3.0983493939839053,0.8774745532811038,1.3660942139019834,0.6561092847955275
Entergy,0.049839460343177676,0.15866715194807102,0.030442921744146114,0.1023627253705826,0.08551767275366108
EOG Resources,0.2021388334502536,0.49112780991483107,0.11118703415239321,0.296837811988099,0.33772923327817767
EPAM Systems,0.5803740469497433,0.601322988416987,0.33246266923720863,0.3560354511129359,0.9048438903292153
EQT,0.19845334265977665,0.6056045681738261,0.09807889435995945,0.36842348538225383,0.26780301275253654
Equifax,0.27752451738097994,0.29492125872342484,0.17016425953408892,0.1830773491602794,0.8180281871138326
Equinix,0.3250842821841145,0.36445633441180864,0.1968683732033914,0.21570583007882907,0.7924506728195574
Equity Residential,0.05785421486956992,0.24630502041643537,0.03218403037478604,0.158617051312494,0.08762955812654874
Essex Property Trust,0.11616741704134285,0.2385843492200981,0.0703790470066312,0.1549003906162134,0.3348786395100442
Estée Lauder Companies (The),0.25968074699495625,0.34736554782156404,0.15571455691226516,0.22007963871900996,0.6431557004714562
Etsy,0.9481021417312165,1.3308791131984803,0.4769667751671145,0.7064873551690288,0.6851347488455953
Everest Re,0.20565788694147183,0.1941202882440291,0.12948107286724372,0.12213080439974121,0.8725892265439434
Evergy,0.11574938321661388,0.17085421765700867,0.07292110095966377,0.11009055165761918,0.4651847027273338
Eversource,0.11282965288544229,0.16738046309496987,0.07097613223984585,0.11042265720108786,0.4573953059018387
Exelon,0.05492669598288736,0.22129648425672324,0.031349129126880676,0.14335062132378856,0.08430355899878444
Expedia Group,0.17832152612520136,0.42772563626650084,0.09995694477518374,0.2642017447442655,0.3321075458534529
Expeditors International,0.13786038368801204,0.21469058868356622,0.08569918395050827,0.1357254758004266,0.4731915336615836
Extra Space Storage,0.34188235846507664,0.36245900942902975,0.2063705047313242,0.22138101643241473,0.8431622217926658
ExxonMobil,0.10789385410135338,0.3751258186331756,0.05838834368971569,0.2314478409346687,0.1909312443387548
"F5, Inc.",0.11052959680065978,0.3035756958137886,0.06349965099101779,0.19482921377025253,0.24461438467749616
FactSet,0.22390200702695565,0.1795703809699209,0.141447532329999,0.11190646806260808,1.0448905395609642
Fair Isaac,0.5585340903100656,0.3841626391413682,0.33565742018365724,0.21574316361183457,1.359485338582731
Fastenal,0.2128019986611813,0.2652757192707605,0.13140006844290097,0.16364688861957327,0.6654637837957302
Federal Realty,0.05664854785403404,0.23686820074052983,0.031500593984689906,0.15597060434151783,0.08603068298825521
FedEx,0.1816981926869713,0.37161402269167676,0.10524791083343102,0.23489846905866923,0.39134039363606987
Fidelity National Information Services,0.14929974116996342,0.3155372180889316,0.08662054133543458,0.21109389161154524,0.35821170982112155
Fifth Third Bank,0.1610484206493044,0.39610061350866044,0.09188861369883267,0.2398780083486274,0.31501543200828475
First Solar,0.27842892573481975,0.7595492378880587,0.1309889353292755,0.4617839659368381,0.3188184503245879
FirstEnergy,0.018999832566823596,0.20448432846756995,0.00817175500586989,0.1344388642969635,-0.08446017515734743
Fiserv,0.31148324215717077,0.21227628926392336,0.1944863840507548,0.1314774961294168,1.2964831274625845
FMC Corporation,0.19653848786738973,0.3868266036630415,0.11337504542096719,0.24595047065009853,0.4143145057336062
Ford Motor Company,0.06782451979844119,0.519872536706525,0.0250172274211667,0.2971499354973472,0.060695464377120326
Fortinet,0.552764059524351,0.5918404272947502,0.3200209566252565,0.33475843497668156,0.8726903755444172
Fortive,0.11194074672178159,0.22520166199245503,0.06846766428148345,0.14406626109024295,0.33601053955893834
Fox Corporation (Class A),0.02722907830708947,0.2653148540043545,0.011130627538538612,0.16962706920695853,-0.03407851585606758
Fox Corporation (Class B),-0.004700059779265117,0.22892587857907337,-0.0085661905802562,0.1483774374315017,-0.17896917028207687
Franklin Templeton,-0.001497905391030266,0.2784483312067111,-0.009310666750718413,0.1826290865039051,-0.13563924047768577
Freeport-McMoRan,0.2161906721958994,0.9051544496124182,0.08652110139709415,0.5008084711887348,0.19877277022370382
Garmin,0.20079440289604977,0.3210435138564096,0.12029831688485218,0.20467856720608407,0.5124656971064296
Gartner,0.3838871885994206,0.369843620094903,0.23333847301260632,0.2086409355171891,0.9399015014618719
GE Aerospace,0.10356628439925294,0.4975521074858527,0.04633376760917997,0.3048362462848711,0.1352535113823014
GE HealthCare,,,,,
GE Vernova,,,,,
Gen Digital,0.05263807884527123,0.26115862209650437,0.027926812879909328,0.1688542742674934,0.0626725012858122
Generac,0.5429892049407827,0.9803324087973918,0.28088180113349753,0.5377064359199152,0.516884462481726
General Dynamics,0.18953397558579385,0.28511006520068527,0.11561614583658959,0.1779907541337236,0.5375585765861568
General Mills,0.10119705661013195,0.1804878804927216,0.06306723379770166,0.1180928466334494,0.35972743248333
General Motors,0.0958605839358342,0.39424170971056766,0.04936467892114364,0.24262643847547494,0.15115084909066326
Genuine Parts Company,0.1698216914469991,0.19967275372035628,0.10668580154153995,0.1255317829817646,0.6688497764092122
Gilead Sciences,0.2734187137704232,0.5658339357160459,0.15304163849126032,0.325195773607709,0.4191125417463558
Global Payments,0.2702492402114216,0.3663922255521821,0.16118058968359608,0.2314665381962637,0.6386015016903543
Globe Life,0.20644013227467645,0.187985087893407,0.1302234639312355,0.1175964094068946,0.9052288105162914
Goldman Sachs,0.1532718280622743,0.35767512143663144,0.08856060154646302,0.2223477951296481,0.3271158833362584
Halliburton,0.12553777054673582,0.5424452432863873,0.055828754404246936,0.33612552454856004,0.16456436273601824
Hartford (The),0.18455817890717882,0.3354555262067649,0.10996050060205621,0.2075232522351071,0.44204835680558036
Hasbro,0.07497902422430945,0.28726232594579154,0.040712142158933345,0.18933636820748717,0.13474934219354223
HCA Healthcare,0.4002263950855107,0.38649151843565,0.24135830626508814,0.226748096850122,0.9416915066920969
Healthpeak,-0.022203800679938896,0.22967263064391633,-0.020808431010884827,0.1531013542845439,-0.2545989710751585
Henry Schein,0.16311657951714428,0.19797026108756824,0.10238101624455662,0.12594464749675593,0.6407324213959054
Hershey's,0.21334119787529035,0.21856104391942896,0.13344487130383323,0.1371235287214329,0.8101653429805135
Hess Corporation,0.17668354374205364,0.4517492573409155,0.0972468382987226,0.27819763640457645,0.3108204976415999
Hewlett Packard Enterprise,0.12804081531776487,0.30870443174240075,0.07462429359597066,0.19711123632672412,0.2972752935021537
Hilton Worldwide,0.2444107055321008,0.298870966345205,0.1498433358292338,0.18183452257447913,0.6964212459686219
Hologic,0.20828664836739125,0.23612732433743922,0.12992357331777507,0.1440457546624086,0.7284884715647884
Home Depot (The),0.3301897362279973,0.26061943484986266,0.2044089171564305,0.15704960059232595,1.1277713100375293
Honeywell,0.20126705496046798,0.19111978693676177,0.12687290877076196,0.11956321406486686,0.8633142744604217
Hormel Foods,0.173564731609025,0.2426472589610588,0.10711557843772848,0.15521966525253614,0.565817711812403
Host Hotels & Resorts,0.047287169456166046,0.2553718761120315,0.024466183020869146,0.16726980533827895,0.04313926364078545
Howmet Aerospace,0.260254470480686,0.4604259826366648,0.15056429270523003,0.2758702441950448,0.486470929446462
HP Inc.,0.1431140615721997,0.47723620341999723,0.07231858203415012,0.3012206429056634,0.22387959262186102
Hubbell Incorporated,0.24694238402845656,0.2528782640237188,0.1532096925395552,0.15640673510861366,0.833095600666451
Humana,0.31389522283843313,0.2985741894707398,0.1927213688198346,0.18146552857384973,0.9298345867217471
Huntington Bancshares,0.12240991009040023,0.2874367983918716,0.07225956688129538,0.18302106556796352,0.2996808195965108
Huntington Ingalls Industries,0.34151735695023894,0.4338046546082382,0.20298410547716234,0.25606967772867667,0.7036502235315457
IBM,0.026953327158086526,0.18760352952825132,0.014270604520218172,0.1218818812196095,-0.04966477779746408
IDEX Corporation,0.2562822074510421,0.24052283114462983,0.15969453424490224,0.1466088875839402,0.9147222807826457
Idexx Laboratories,0.43275047927926785,0.424954976185518,0.25866559604696476,0.24901727135729987,0.9329926385896792
Illinois Tool Works,0.2196363500622739,0.1963962571161241,0.13821307804972383,0.12282795789437993,0.9336518831299687
Illumina,0.32603478650162737,0.7544879509775557,0.16808714365751687,0.43498133234867226,0.38405407450187373
Incyte,0.32513232567589134,0.6670349462744265,0.17762027634392477,0.37792518284231763,0.433053339293745
Ingersoll Rand,0.306818893229357,0.3458979611457145,0.18672562755955135,0.20413818361178906,0.7821621080595427
Insulet,0.4597464761638685,0.5249950047397892,0.268144133708025,0.30832063394377984,0.8066283632691605
Intel,0.09661035241775133,0.2646785119171591,0.05592936607884803,0.17608868461681823,0.22797369236573978
Intercontinental Exchange,0.22233104974348367,0.1813869376168099,0.14030832580766214,0.11455645716077574,1.0257653468433305
International Flavors & Fragrances,0.09110889410040181,0.2497137870113089,0.053224604429970575,0.16575826791904524,0.21960453201485108
International Paper,0.0870685494572103,0.3030990732786598,0.04815940192526566,0.1955635414228525,0.16759515013225115
Interpublic Group of Companies (The),0.19571439605467653,0.33150085437709054,0.11787857221044232,0.19975145368103175,0.4809754761813618
Intuit,0.3643173281078279,0.29100478330169954,0.2239306352785383,0.1741026298604761,1.1272897634868013
Intuitive Surgical,0.3448364678696122,0.3954514073486672,0.2065871577078292,0.23870374986764029,0.7802876595440318
Invesco,0.04905008722806612,0.4625049354746226,0.01311135347698524,0.28552063257541327,0.0276309969510373
Invitation Homes,0.13293620440850637,0.24546768333363894,0.08128486158422736,0.1547739533370558,0.39380169450245583
IQVIA,0.29375738851759997,0.276254735722764,0.18134211156584384,0.1682954981863271,0.9320628407611236
Iron Mountain,0.14701794875148103,0.2777254498615407,0.08908622391132764,0.1720869508287455,0.3987655219950736
J.B. Hunt,0.22672542429273296,0.24324892401760673,0.14105786910703155,0.14994245928036384,0.7829625980701992
Jabil,0.2877875125483493,0.38837099221326826,0.17298953826475652,0.22738922772565712,0.6476201951872484
Jack Henry & Associates,0.25123556279178744,0.20044773728111476,0.15774558514339526,0.12534892546173793,1.0724239192791991
Jacobs Solutions,0.17166638979376814,0.27493236766267654,0.10428721465952794,0.17646168688219965,0.49246938866711576
Johnson & Johnson,0.12558115891635305,0.1406880611740029,0.0802153052424269,0.08950970604916751,0.6348125306792501
Johnson Controls,0.17096196286764329,0.3370769217372281,0.1019496269162128,0.2025474073597912,0.3995863834502329
JPMorgan Chase,0.19362810949299253,0.2727641473304259,0.11881439668008606,0.1701317261274951,0.576899479887446
Juniper Networks,0.02944661222840197,0.23794372655063797,0.013056933737471504,0.16071060933132175,-0.028679060535234994
Kellanova,0.030120773058757468,0.13257515366246117,0.018097982043459155,0.08757470694890508,-0.04638758875608973
Kenvue,,,,,
Keurig Dr Pepper,0.0851228633091928,0.3545281928232188,0.038934990971632076,0.2565057869622421,0.13779510214417637
KeyCorp,0.12151260935875156,0.38021503274793356,0.06592611415051161,0.2411540061429278,0.22419417237807182
Keysight,0.39920426714678786,0.37542544497296254,0.24067963390931857,0.22580650264488725,0.9667263027597891
Kimberly-Clark,0.10331185584569626,0.1609762857258036,0.06521004849145955,0.10386724350596419,0.4164665669685208
Kimco Realty,0.06913711574672603,0.33737407097221234,0.035095355221470906,0.2110110947759046,0.0974185742427904
Kinder Morgan,-0.032952571436367664,0.2482736206325113,-0.02989277686548915,0.17233804031916722,-0.27881812826565777
KLA Corporation,0.40340311616445873,0.3784862578590888,0.24389087237846163,0.22033460576621866,0.9700021963149208
Kraft Heinz,-0.08790741856926601,0.30638737598150956,-0.07234698757416368,0.21664418580177525,-0.4052974863523334
Kroger,0.23677211297176076,0.35454478570391307,0.14156991601352248,0.22040141467780197,0.5655181130574465
L3Harris,0.21282051076370412,0.2577194299146091,0.13147673434366935,0.16180052084181917,0.6850468979233493
LabCorp,0.15358335199608408,0.22433559426494445,0.09564281238282889,0.13839661134441547,0.5229341229346266
Lam Research,0.4664917319273031,0.5415398508511429,0.27162434468750196,0.3139307430828062,0.7944403657182268
Lamb Weston,0.25183283738748385,0.3463860318844655,0.15195317219603305,0.21131050512968463,0.6223178846116287
Las Vegas Sands,0.12103715624404386,0.39577958464020513,0.06537039394821616,0.24524847014851486,0.2141761343121733
Leidos,0.1387509440441555,0.25337350905099293,0.08437027634601561,0.16262049962630618,0.4044634723727318
Lennar,0.3212454350963108,0.4350010473576864,0.19105456871255524,0.2529315077806932,0.6551129521668914
Linde plc,0.19942378392133459,0.19087926888383266,0.1257019344291709,0.11968155452067451,0.8547453587246343
Live Nation Entertainment,0.3545363706080197,0.5078359091938075,0.20598632217171045,0.2992742346179305,0.6267098290610077
LKQ Corporation,0.24945271151119514,0.3633465718907202,0.14987360375344003,0.2185240790741088,0.586718337910133
Lockheed Martin,0.2517491793537768,0.23291508359354077,0.1571847430905965,0.1417797161387597,0.9251378711207923
Loews Corporation,0.08036482147580996,0.21340347939900875,0.048610548353333775,0.13503735707326195,0.20662365409346584
Lowe's,0.32656129949375995,0.3034888925203658,0.20054673813385615,0.18117492413123867,0.956511727058191
Lululemon Athletica,0.5137490422224007,0.7160857450169271,0.2887034580272819,0.3977090295113643,0.6667894603110508
LyondellBasell,0.21303260339339428,0.3995301799897452,0.12437226743532054,0.24417503256324552,0.44242462141859756
M&T Bank,0.08916403437688002,0.2644799658247189,0.05168094946360545,0.17078863367644234,0.19999026937944864
Marathon Oil,0.24631395829918043,0.9340780751853739,0.10579562143619296,0.5033333026012071,0.224867009635537
Marathon Petroleum,0.406735942240173,0.5710877920183033,0.23189567133025468,0.3408382327443131,0.6487011850923483
MarketAxess,0.470358831673546,0.48763624604231115,0.2750262580526418,0.2989716941836448,0.8901885789469266
Marriott International,0.27638082685944515,0.34627263000365066,0.16731826092423815,0.21003384475815845,0.6934137765690191
Marsh McLennan,0.2669604817512167,0.13578288808585068,0.16941459211392282,0.08280181981482314,1.6989612626241433
Martin Marietta Materials,0.24172730008113824,0.28939948043793484,0.14856942216441973,0.1764940673031549,0.7099414449677071
Masco,0.2535308971400856,0.336066466565726,0.1535729042268286,0.2047164875620905,0.6464800983988325
Mastercard,0.41792255539283485,0.2806492507498421,0.2565447157399829,0.16728748482510208,1.3598893979121818
Match Group,0.4164093337096064,0.6973015207211591,0.22301435602486958,0.4282159937694262,0.5451568763973645
McCormick & Company,0.17916690113059439,0.20239497734928688,0.11239092483356274,0.1287482455823163,0.706026840368975
McDonald's,0.17742113308797824,0.13422895771732696,0.1134279789767502,0.08462062157965486,1.051565330776838
McKesson,0.29720639859185444,0.39176729951019706,0.17715226870425793,0.24044865551048256,0.6660478915722663
Medtronic,0.11563295735670565,0.22376146886043105,0.07060614497911215,0.14647734343734245,0.35467385423752285
Merck & Co.,0.16397251590782744,0.1791904360787631,0.10359859643420637,0.11369351078953652,0.7126602509386661
Meta Platforms,0.5260449375559703,0.6884617655823448,0.2971919589977527,0.3866436731882326,0.7114038095863766
MetLife,0.10190396019829216,0.2909345874514297,0.059142824968845174,0.18234947149056013,0.22559485280560615
Mettler Toledo,0.33382006210305093,0.2819049973087577,0.20583801688204975,0.16889613537307407,1.0554954689612381
MGM Resorts,0.23895513668604468,0.5341622987300785,0.1338807392316034,0.30653579629716077,0.37944370540897643
Microchip Technology,0.24112081173799058,0.2936748250541533,0.14809017299141333,0.17817555154327427,0.6975408836426116
Micron Technology,0.5637856791426539,1.0445525038987573,0.2880423736443712,0.5659962196367394,0.505015365343144
Microsoft,0.3666561913585064,0.27006878190295147,0.22610193801052994,0.16281440047229145,1.2233386408618767
Mid-America Apartment Communities,0.13544728089198693,0.2435500852718528,0.08299143870339926,0.1533927693280625,0.4072126109714063
Moderna,2.9186574624807826,4.697178904902205,1.1548538150878984,1.7908480155451303,0.6136421256398082
Mohawk Industries,0.17870769310511903,0.4850517619586656,0.09443668342321168,0.30645320655143743,0.29365335724959163
Molina Healthcare,0.44879311135124755,0.42164668832171903,0.26874070616378404,0.24432800165640672,0.9783605753601062
Molson Coors Beverage Company,0.07238098183277766,0.28472881835027103,0.039206729571383755,0.18734253120687946,0.12682371695241565
Mondelez International,0.11204219204330287,0.15443781074129637,0.0709820094346239,0.1006431210893787,0.49062840837664495
Monolithic Power Systems,0.5536979567930931,0.45767692621064443,0.32836974905641675,0.2634822976245735,1.1305515143859832
Monster Beverage,0.4148140855256391,0.4576020887553699,0.2472470256620423,0.259326456724829,0.8272328297038828
Moody's Corporation,0.373731535684626,0.3072017525370751,0.22872195289957728,0.1856238976905863,1.098499335148721
Morgan Stanley,0.23627331228236026,0.48317209024434893,0.13322012918662132,0.2934257829164764,0.41393677647044586
Mosaic Company (The),0.06843131870653191,0.6437359325795569,0.014453049369195307,0.36891232513927635,0.04995946678249186
Motorola Solutions,0.3027283176555154,0.21091388831084026,0.1893912078994191,0.12778514462574564,1.2633483030604828
MSCI,0.42445268318920926,0.37418762416510326,0.2561384888138332,0.22243340584215468,1.0373995379702994
"Nasdaq, Inc.",0.2916336759522761,0.23887757802651524,0.1814591833229162,0.14669044837156103,1.0690122668516164
NetApp,0.15279252080597602,0.4676513536814749,0.0805951076325066,0.2887035008514623,0.24916405164351113
Netflix,0.7755708457062015,1.230964304186496,0.3995118388272136,0.6272555656766322,0.6005862464295044
Newmont,0.048443988765545024,0.433642837930311,0.013505229977139386,0.27711385783009224,0.028072351102393252
News Corp (Class A),0.09099067722257499,0.39469538509751323,0.04645491629767753,0.24106791864434468,0.13863871867396868
News Corp (Class B),0.08944546978485067,0.3689755290369793,0.04712953785484469,0.22543355389162165,0.14411485541469143
NextEra Energy,0.2295452264485169,0.19227490873244468,0.14431644782098205,0.12327382312574982,1.005199341695365
"Nike, Inc.",0.2604070229243137,0.2923413410048742,0.15944468802635903,0.18395611952808516,0.7666941917545955
NiSource,0.1948435461291939,0.20752318671730635,0.12207212116368064,0.13229842532421632,0.7641215127400636
Nordson Corporation,0.25924472931008075,0.26229419240369745,0.16072459902350486,0.1591120370763964,0.8500916947515703
Norfolk Southern Railway,0.20020988989200927,0.27508494180212445,0.12257166843464698,0.17432755444028045,0.5959587393329869
Northern Trust,0.08563862264503652,0.2507249161684544,0.0499160852276798,0.163597688187327,0.19690108439697535
Northrop Grumman,0.3036304166832618,0.26966959874533397,0.18774046509475176,0.16371415678617393,0.9914347155224545
Norwegian Cruise Line Holdings,0.015475766500499907,0.4590406158720844,-0.013534565768013733,0.30621430637625713,-0.045300671763262614
NRG Energy,0.18673480709942591,0.5192923887856841,0.09828109287880103,0.31817677668527766,0.2897485031219984
Nucor,0.2484018503197877,0.517452474901976,0.1413881917699339,0.29504771864534174,0.40995307944723974
Nvidia,1.092750973808729,1.3974207834187204,0.5656969756422578,0.6825636653515946,0.7560216447174739
"NVR, Inc.",0.3143999493599978,0.27031724721533507,0.19446487658826528,0.16222898135489222,1.0288997001079716
NXP Semiconductors,0.42240546698667997,0.5265051062884869,0.2463967403321963,0.30549816048787914,0.7333924165380814
O'Reilly Auto Parts,0.4315877818134526,0.26872566271463066,0.26484097634563114,0.16345983234856604,1.471080815482542
Occidental Petroleum,0.1559217808964675,0.8371779894970947,0.05679697840975136,0.455930100651473,0.14292201614404199
Old Dominion,0.5356316627840888,0.3640896082218062,0.3225023754302887,0.21208202005519933,1.3715333718444034
Omnicom Group,0.1073177790119949,0.21047061260502645,0.0659876985368005,0.1359088570386124,0.33756334609619043
ON Semiconductor,0.4013197368842918,0.5970916198837719,0.23049486768268568,0.3341992762866425,0.6113787398142081
ONEOK,0.2344411175129109,0.47098280301989737,0.13101284669515212,0.29713087253544457,0.4207595298090147
Oracle Corporation,0.18427293060986052,0.2117265730371427,0.11561390981471299,0.13026090259457496,0.6990256996119694
Otis Worldwide,0.17860494192695242,0.23047071324553098,0.11141279591829935,0.14095942741357337,0.6175809722478276
Paccar,0.15085331282971,0.25271047704032895,0.09245474986198003,0.15900701366251027,0.4534149094471344
Packaging Corporation of America,0.2809908777176697,0.3748888005886413,0.16892810491301413,0.22441890730743982,0.6527809381536305
Palo Alto Networks,0.5610613157132041,0.6218736575639419,0.324212879259662,0.3425293321903166,0.8438863659265343
Paramount Global,0.10649808332262767,0.5164046575923629,0.04386501525081912,0.3304371999316491,0.13599309673913978
Parker Hannifin,0.2553147193943941,0.3209104322942047,0.15559138767397754,0.19469012140871444,0.6825708440274433
Paychex,0.1872737429032356,0.181815361600993,0.118446805831575,0.11251476129153518,0.8305300872678504
Paycom,0.672759850272491,0.6811346551167275,0.38018280571366464,0.3961431758559115,0.9344543413332673
PayPal,0.36913790570332905,0.7130679271309855,0.18833511195176983,0.4537736708776173,0.4668100727464868
Pentair,0.1724224533738012,0.3656430070924706,0.10062581298457955,0.22476413673278203,0.3723627581184438
PepsiCo,0.12739431742576662,0.10016277618959628,0.08226953852798824,0.06419396046968687,0.9097561601842298
Pfizer,0.11656911829607054,0.23115871502920227,0.07082965989962627,0.151661262986603,0.3473738964148477
PG&E Corporation,-0.013141855359278745,0.36272852648784354,-0.02730478696759183,0.2617635129826711,-0.13622438412508445
Philip Morris International,0.0867901823332489,0.21947113420591846,0.05232102920799666,0.14146948146940738,0.23018775453049722
Phillips 66,0.1734451266885067,0.33172203874809536,0.10282501381490348,0.20749007366815644,0.4135224552461762
Pinnacle West,0.08765926524251065,0.14938968216186815,0.05535148202362994,0.09758512414371338,0.34399062728242774
PNC Financial Services,0.14313831655639422,0.3034712167148174,0.08507678304941942,0.18991509628572528,0.35215103081981725
Pool Corporation,0.4244057833726938,0.3534907077654864,0.25698176073229445,0.21171513339378986,1.0980067087479544
PPG Industries,0.19628588122632004,0.28832716888897,0.11990409733712422,0.17823134677175986,0.5549781072549987
PPL Corporation,0.017073288190005684,0.12839861286036774,0.009519187133026673,0.08578675337192998,-0.14951350445661235
Principal Financial Group,0.17515708315814038,0.3447393882002465,0.10340826810228279,0.21366445826811728,0.40287380306928894
Procter & Gamble,0.11807834058231899,0.157215395204469,0.07499909103158686,0.09896768156667832,0.5203544201876382
Progressive Corporation,0.28282891679805827,0.21239568647126744,0.1771711162557967,0.1282622501604646,1.1608442060582298
Prologis,0.20056059157063458,0.21210320499878466,0.12564958791966488,0.13322981553825933,0.7745756449340256
Prudential Financial,0.10535803715007222,0.3224830520355933,0.059578155088364504,0.20241563707480612,0.21423582401570593
Public Service Enterprise Group,0.08728132144569749,0.12236593499960917,0.0558873901631769,0.07924252989303082,0.4168701581835933
PTC,0.31517476590631277,0.3695185088575041,0.18976877758710198,0.2250058533744875,0.7547772153620005
Public Storage,0.15547028239739066,0.2436619200718359,0.0957962852753892,0.1534274836210739,0.4892010519991033
PulteGroup,0.40982988725387964,0.6992773890390811,0.23057395383386256,0.3750988953874435,0.5342075667584256
Qorvo,0.2180346217369851,0.5125009660728207,0.11864741892329952,0.3150478308431096,0.35466080847354214
Quanta Services,0.3845952192177956,0.541616138187908,0.223851939984928,0.30589283293248465,0.6431208006782488
Qualcomm,0.1783448877956775,0.3554024472406712,0.10497039054963114,0.21882649827923845,0.39975603469421417
Quest Diagnostics,0.12868125276543407,0.18432488809529046,0.08094417739419292,0.11635244605012376,0.5013465026574894
Ralph Lauren Corporation,0.0924065539629705,0.37443458782713995,0.04724156408620977,0.23883370813066918,0.1499218849481899
Raymond James,0.25471846738462006,0.3281683559379773,0.1551668106621232,0.19625787285101848,0.6656578815898352
RTX Corporation,0.09999142580493763,0.21206144894574608,0.061224237182548095,0.13644435309663844,0.3004827674034844
Realty Income,0.0912140054165758,0.19573009473089098,0.056118875574734134,0.12677284947590145,0.2807099783300584
Regency Centers,0.07975493086704588,0.24660968868147112,0.04657129652284921,0.1580497683392249,0.17632849841955917
Regeneron,0.6554041619207762,0.92835781522105,0.3597215143666009,0.4795631862454406,0.6669126246405628
Regions Financial Corporation,0.19794487411531672,0.44078427418768223,0.11203415118404579,0.2689226549741647,0.3667877209257018
Republic Services,0.2188687307965302,0.16150880768512896,0.13882171278267325,0.10076436962097893,1.1305768313663054
ResMed,0.27257941991377027,0.2986756489015012,0.1669075552312007,0.18558402026655005,0.7911887226721127
Revvity,0.2439815348860497,0.3165590588575502,0.1482112968900452,0.19683258580454335,0.6561521912200002
Robert Half,0.187035853146378,0.39845611849688584,0.10783634512889799,0.24458373404499503,0.3783735055920071
Rockwell Automation,0.22189913755063956,0.28883851710601705,0.13594455656405022,0.1788430518609275,0.6426723300077677
"Rollins, Inc.",0.29700304220353113,0.2122530699551365,0.18573700094853335,0.13005719536633983,1.2284035632206143
Roper Technologies,0.2710374771853641,0.17947855800073395,0.17074541095348905,0.11094623901932707,1.3080496357580327
Ross Stores,0.3084159024112351,0.295986306000083,0.18947933878912904,0.17994498906766954,0.9194522926511054
Royal Caribbean Group,0.24728043641182637,0.5928996083343746,0.13172519594828175,0.3539507836397732,0.3558946888807812
S&P Global,0.34904675243355027,0.2527398584907627,0.21599112309807872,0.15417444616603088,1.2375417931115709
Salesforce,0.3162130788647992,0.31658238041030407,0.19278997498176945,0.1967563751467726,0.8842641960549253
SBA Communications,0.28806510066199326,0.33356330968644493,0.17449010010604368,0.20832516944661372,0.7548626560054136
Schlumberger,0.051196953926865116,0.43730609612825594,0.014763899967113725,0.2804104454247452,0.03413247446786176
Seagate Technology,0.3196844363562924,0.5811877445559912,0.17762744502084254,0.3485497035278505,0.487645901423273
Sempra Energy,0.1451921466314702,0.18107074656654681,0.09159462302433939,0.11467882956151844,0.6015412977010752
ServiceNow,0.5591493058409789,0.4751728222081744,0.329715576281597,0.27955785095268987,1.1003968801182347
Sherwin-Williams,0.35122137304969103,0.30592160702001236,0.21527135301279055,0.18399364468577872,1.029514591504355
Simon Property Group,0.1107354353280153,0.40393786165289086,0.05735545762494137,0.25449837724343466,0.1843472168149387
Skyworks Solutions,0.3519668835503552,0.7288215064459973,0.1899816221559499,0.4059482817075245,0.43315992460716424
J.M. Smucker Company (The),0.10518940681336122,0.16700270032181833,0.06617038846367751,0.1086212870001293,0.41268070464984036
Snap-on,0.24138329753045337,0.2589734119669338,0.14951005157282415,0.15999969716965634,0.7920221663161137
Solventum,,,,,
Southern Company,0.08693784806201746,0.13480949488102556,0.055369843415410416,0.08687729334815282,0.37584321000984444
Southwest Airlines,0.24453418819727082,0.6360424648016583,0.12810425797041816,0.36997036755394946,0.32743658632303435
Stanley Black & Decker,0.08726155346915944,0.28541196096403393,0.04788876429168789,0.1955509951774835,0.17865732932425324
Starbucks,0.2828153031894815,0.28561066712873395,0.1741224507800385,0.17486114806253794,0.86321946901314
State Street Corporation,0.11187834155054127,0.31989457857866316,0.06349633594468114,0.20443994746855298,0.23635201046654175
Steel Dynamics,0.3491248481367092,0.5135903404511104,0.20162357516502696,0.3062826119889339,0.6091513191151289
Steris,0.26222762089528495,0.23619823669713785,0.16323748698337642,0.14757799744822148,0.9566413758578913
Stryker Corporation,0.23083057880817925,0.19588756298889468,0.14518310555128125,0.12297308644357456,0.9932226481018716
Supermicro,0.9126547487261889,2.3456017709555526,0.4174890636307882,0.9326106516966385,0.3736286972545386
Synchrony Financial,0.07944287781914158,0.41102751545752964,0.0391794290902746,0.2411625085829306,0.10503497072442426
Synopsys,0.42951571731242727,0.29410870858175414,0.2635028492439615,0.16847154945384551,1.3370739834349
Sysco,0.13030668394389425,0.1812920618678583,0.08198374915539537,0.11587411406956867,0.5186993198097606
T-Mobile US,0.29989865352508793,0.3362776930256129,0.18215644630141115,0.2051592073367912,0.7839593414210836
T. Rowe Price,0.12436170747580019,0.30409615378406263,0.07241888438145734,0.1949664483120192,0.28968170630736156
Take-Two Interactive,0.42860467095552623,0.5404832017829836,0.24884904202241528,0.3148458626638001,0.7258950044980865
"Tapestry, Inc.",0.07872713967399604,0.5168476607111223,0.028971326127869474,0.313643686876813,0.08214514282497415
Targa Resources,0.3860605845610349,0.9824770089930577,0.18708572709834909,0.531434617383403,0.3560286567452689
Target Corporation,0.19104081455847335,0.41140554320170114,0.1095365820125201,0.2522690743841844,0.37619862529773096
TE Connectivity,0.21781751214051637,0.2954943301807966,0.13334992248622207,0.18018158610361282,0.6143836914343187
Teledyne Technologies,0.3310438189854341,0.27264857561205036,0.2042876112438072,0.16607835300583274,1.08114705370307
Teleflex,0.21862885607221302,0.29290575990506107,0.13266353688413896,0.1905863615815326,0.6225833229267779
Teradyne,0.3495690409768708,0.4694069822477953,0.20593045810502406,0.2747166396244852,0.6674345249627253
"Tesla, Inc.",1.7700701169187067,3.2428515993036857,0.7758490670071242,1.2783416084694077,0.5346527428282152
Texas Instruments,0.2536796247142923,0.24092994940219614,0.15783493504406043,0.1495609795859798,0.9023743643644472
Textron,0.2119243822987194,0.3883666521388198,0.1245799723359363,0.2356906538370184,0.4522884922411044
Thermo Fisher Scientific,0.3457308693765914,0.30318513697790733,0.21218813054593114,0.18124600944678024,1.02069731285348
TJX Companies,0.28756444267368714,0.23217586254682276,0.17934278658012573,0.1410064264442371,1.0823426050883378
Tractor Supply,0.38875499212797165,0.4238996118692559,0.23199058498982408,0.25145947715080896,0.8315279549502439
Trane Technologies,0.3237400588563706,0.33531446556458916,0.19720324980411072,0.2013690867393836,0.8573129811331397
TransDigm Group,0.3861563547660323,0.2937855129985182,0.2371799237370197,0.17343938789859556,1.190956410439714
Travelers Companies (The),0.1666236769707468,0.174400711123251,0.10551422171422847,0.10943260179857459,0.7474342355891981
Trimble Inc.,0.21387976280772766,0.43953674407345794,0.12205186616090306,0.26885106065713166,0.4040825947691815
Truist,0.0673743229208945,0.269162836675448,0.03680430205566521,0.17720126932899538,0.11555721636368288
Tyler Technologies,0.4785228150890769,0.44314289849767396,0.28479212066528453,0.2591104775922589,0.9979900429912252
Tyson Foods,0.20424111231618292,0.3882007903632098,0.11951821982153411,0.23740563561715702,0.4326897361360306
U.S. Bank,0.08276269072047834,0.24555088033522007,0.0482124508862562,0.16105125271949802,0.18933785083922883
Uber,0.3019973913479429,0.6768791123244636,0.15742246666367746,0.4059317199239276,0.3925764168867409
"UDR, Inc.",0.0958801180290754,0.22420415009389896,0.05800490377658807,0.14465055825784015,0.2658715426899244
Ulta Beauty,0.4693974007498267,0.5825016010142815,0.27255706768509474,0.32429194346810936,0.743563254125855
Union Pacific Corporation,0.23986334244723406,0.2424423609410345,0.1488762971633562,0.15403583390410888,0.8397572391675548
United Airlines Holdings,0.17793663015013234,0.4416328497224026,0.09716353551418065,0.2816009532585034,0.3207778032658855
United Parcel Service,0.13798640492460815,0.26584877302502546,0.08406547566742782,0.16266315939531065,0.38260770964290325
United Rentals,0.6388784908565273,0.7194712935263289,0.3600509226111424,0.40521233581766214,0.8375704236048827
UnitedHealth Group,0.3757034317996021,0.215686392955905,0.23343794719736005,0.13099297514854968,1.573733105652468
Universal Health Services,0.2062524572400687,0.3528770200061499,0.12300295873479376,0.21563979592672694,0.481702782660597
Valero Energy,0.3277383382797071,0.4415571117288347,0.19310879133644362,0.2670763094772806,0.6600906559343871
Ventas,0.0021906950467801252,0.25441747280220506,-0.005230495772295461,0.16459185954574257,-0.13395274838627994
Veralto,,,,,
Verisign,0.27201908465926833,0.25268767104134326,0.16896166116420666,0.15385558226313126,0.9329638795656534
Verisk,0.2719911927436262,0.19775486524578834,0.17081822923457274,0.12153159423491783,1.1919837101581465
Verizon,0.03699015715003245,0.18360573296388366,0.020806262317617435,0.12248369018181123,0.003918953794579312
Vertex Pharmaceuticals,0.3543629625075624,0.4116510238940199,0.21141715405249528,0.24817205409818974,0.7727233245588344
Viatris,0.004402395815461781,0.422217154588062,-0.015278361739019605,0.27148121022145005,-0.07547826658478078
Vici Properties,0.1520767503686904,0.22212955798633385,0.09483758942107805,0.1361293683821846,0.521345005376043
Visa Inc.,0.3656278640501631,0.25063556788146685,0.2262679265058283,0.1506963131941852,1.3140882280514912
Vistra,0.2357970224957432,0.448172139199922,0.13743185435006072,0.2593383822673963,0.4452003823482002
Vulcan Materials Company,0.23399567265798793,0.2829988329806205,0.14369614251396104,0.17604307249900644,0.6986779973944304
W. R. Berkley Corporation,0.23011053679473867,0.14854069492144198,0.14622599141252637,0.09180377809228912,1.3049617287109554
W. W. Grainger,0.2710065598618971,0.2958098075144811,0.16618422393927842,0.1828419665281168,0.7935367223558965
Wabtec,0.24219072730406646,0.34113759719914755,0.1457144982544742,0.2123133118301141,0.603627727429083
Walgreens Boots Alliance,0.02591500383014435,0.35722371230802646,0.004285917866096106,0.2300245674914433,-0.028989147638254605
Walmart,0.14819697713009494,0.17165393287030475,0.09369917226878617,0.11045551375940713,0.6520465945195394
Walt Disney Company (The),0.16801701937476557,0.3192565224508497,0.09926675020986571,0.20640457505884174,0.41266628978244646
Warner Bros. Discovery,0.017867941209063626,0.3975434422506627,-0.0054094582613722665,0.26253694876044453,-0.04629097502622134
Waste Management,0.21331375883481113,0.16205594226328013,0.1352752070524362,0.10207225166690796,1.092481655384505
Waters Corporation,0.20034213966562112,0.23534320627800448,0.12481740678127047,0.1452433402409534,0.6971585349512099
WEC Energy Group,0.1526041148149914,0.1525489508236733,0.09712477689951017,0.09769753578530878,0.7625978377480329
Wells Fargo,0.1010694502726496,0.3273176622140696,0.0561710133273714,0.2078470565588499,0.19796926040655663
Welltower,0.0920050768711169,0.2504343697786362,0.05458722589504412,0.15829320089993335,0.2225511704094552
West Pharmaceutical Services,0.45723595629346386,0.4511478490907699,0.2725399714654622,0.2578067918629307,0.9330984119191478
Western Digital,0.15590141617117528,0.5536741371225862,0.07418791474564838,0.345134754662611,0.21606716547527904
WestRock,0.034746745278727946,0.3909843661765202,0.007112824901055724,0.2548000405662465,-0.0038975202571429226
Weyerhaeuser,0.0719556930136596,0.31110160065276066,0.03748638257956132,0.20273288822262311,0.1147055436958769
Williams Companies,0.14225709145738907,0.38585950398268704,0.07758384701739662,0.25304933284118414,0.2746763409928019
Willis Towers Watson,0.1291045379894421,0.13064244751159457,0.08268929431557272,0.08388378759504707,0.7105954074771597
Wynn Resorts,0.10991148491731792,0.4905348026838476,0.04853042377772906,0.31463264448537254,0.150123640052208
Xcel Energy,0.13369162756908512,0.13729621600039887,0.08542221781838126,0.08878004567727962,0.7095680830903234
Xylem Inc.,0.24171037787077432,0.2602366189145939,0.14962574222966984,0.1611318903717081,0.7894344921998458
Yum! Brands,0.19004149271549764,0.17635169170995996,0.12028177418130333,0.11032250801396662,0.871955785954538
Zebra Technologies,0.39595796202559275,0.5509707684792937,0.22611328765061214,0.33414012686734174,0.6528247374215882
Zimmer Biomet,0.11853834579882734,0.20903558167194322,0.07334920945110822,0.13420471996357644,0.39355850508651563
Zoetis,0.3265844857570333,0.2637319533497272,0.20169213947656847,0.1634474823800471,1.1007914183456164
