Stock,avg_returns,avg_volatility,Avg_Annual_Returns,Avg_Annual_Volatility,Sharpe_Ratio
S&P 500,0.05969379989786914,0.0865400696029564,0.1304380140084376,0.18190066058936563,0.6270457531107612
3M,0.018950806252769188,0.13057453414416823,0.05530563005108378,0.26181786612912183,0.1035545679865437
A. O. Smith,0.10077431975246187,0.16544049127878616,0.2390669142585501,0.35680636981829256,0.5763105648203668
Abbott,0.05989188938821666,0.10715537681557166,0.13484984288403665,0.2260140314457428,0.5082588874894104
AbbVie,0.07822873257415809,0.1563162394900381,0.1870031769923476,0.3542876969718986,0.4657194673581685
Accenture,0.08438791221857136,0.12308979444555918,0.19104395442485345,0.26825147573731184,0.6414723153516029
Adobe Inc.,0.12269892534770002,0.2035766396816189,0.30188459813579477,0.45111987135276144,0.5760469803985214
Advanced Micro Devices,0.20605586483486668,0.5015351627694231,0.7060370921622384,1.6097595394465363,0.40002508886436255
AES Corporation,0.035155895847189894,0.20303635783301194,0.11275982640759484,0.4543409618461833,0.1464106201718466
Aflac,0.056593757411434714,0.14833249307364457,0.13838667074625727,0.3079401524253151,0.3449314413303007
Agilent Technologies,0.08020176203910476,0.1742426474125629,0.19718775591627394,0.38169756686725814,0.42912884055667766
Air Products and Chemicals,0.05538762549479716,0.13080571343561254,0.13094833313750737,0.2868396992454358,0.3819283378624199
Airbnb,0.009611279432453438,0.21822578639429396,0.06687637492535214,0.44338388386200284,0.019163925226836246
Akamai,0.0678742514604532,0.23394334709753836,0.19506942002721112,0.5216503920534459,0.2669237465213843
Albemarle Corporation,0.07217950222719195,0.2780682391082036,0.22686895115557298,0.670459871902005,0.2400500167219458
Alexandria Real Estate Equities,0.0303373395345396,0.12937284411371705,0.07832762994580726,0.2653030187236987,0.1925297609846162
Align Technology,0.15802376545017824,0.34102487899489936,0.4572841011307386,0.838502773815249,0.44745869896792756
Allegion,0.05616256703984044,0.13261357852933514,0.1330588541830661,0.28129934481022134,0.382565275916992
Alliant Energy,0.044680255648099916,0.09224579485556368,0.09986371537514276,0.1934202423496377,0.42550491250178535
Allstate,0.07121605696530918,0.14821916054004422,0.1694665438056733,0.32215434442561164,0.4438484197737037
Alphabet Inc. (Class A),0.1046150966589097,0.1604610340380373,0.245914969488792,0.35546654884673806,0.6181306288726273
Alphabet Inc. (Class C),0.10622025684628023,0.1664807254765885,0.25142786762766417,0.37263761865739325,0.6054216773642569
Altria,0.03434698568176484,0.11886477904063325,0.08399852451258223,0.24439451989850108,0.2432829063052716
Amazon,0.14779639207854214,0.21894101337875443,0.36535816101028495,0.513757451675884,0.6502535687675386
Amcor,0.017051204058998164,0.12316398205202995,0.04955735499195552,0.2658560583708566,0.09436189936326408
Ameren,0.04165888466955758,0.09033428999179799,0.09321120688069912,0.18674656440436965,0.4010621868331666
American Airlines Group,0.07885137893399204,0.3626118646289531,0.29537045581252486,0.9679425860122273,0.20248141143891274
American Electric Power,0.0381478815330546,0.09590818394535343,0.08694680085534084,0.19661141848304076,0.34114570214645495
American Express,0.07484990782205149,0.162318336868642,0.18164211146880563,0.3584023177706031,0.4276823702229363
American International Group,0.05445797816804663,0.21619226193511024,0.1586074962927449,0.45400294199635,0.22678314639835206
American Tower,0.06296675070829444,0.12740336389781484,0.1461253372565244,0.2704033757984272,0.45161707013495617
American Water Works,0.07090140133383149,0.11240288441812382,0.1594606447028561,0.24073933677349835,0.5824777975524009
Ameriprise Financial,0.10427320239885034,0.19929197792804684,0.2591253593800293,0.44229673078508086,0.4959757369416631
Ametek,0.09318469868991942,0.13993153839329361,0.2146280801864205,0.31278489588125763,0.6271315453121579
Amgen,0.06733765135868998,0.12211484202674051,0.15411747706008627,0.2679735341171415,0.506968960953229
Amphenol,0.09886601675736383,0.1401496517933703,0.22714288969532626,0.3114657897856551,0.6666930583295116
Analog Devices,0.08032811328285593,0.13143118731315184,0.1843781013577442,0.28857484784762033,0.5698715657568697
Ansys,0.08631707414456102,0.15319478246864354,0.20354678613828486,0.3318723205166157,0.5280066074162271
Aon,0.08084915569645124,0.11810233020462298,0.18217911092161562,0.25664037703290576,0.6385982290641828
APA Corporation,0.0023242761161002723,0.3059270684482812,0.09821884257391336,0.763124992388032,-0.01014928387695215
Apple Inc.,0.13535215632294995,0.1982401187141516,0.3283125432337088,0.46391517420425044,0.6553816673751296
Applied Materials,0.13563998358638157,0.26993927087251096,0.3625247633743476,0.6657472146361489,0.48237059537903576
Aptiv,0.07868569494664815,0.24183843556027704,0.22202954438079053,0.5625601989681583,0.30291495228004683
Arch Capital Group,0.10051414070125046,0.14357003593810752,0.2317378965177295,0.3094872370326996,0.6622894763557456
Archer-Daniels-Midland,0.04014188309450748,0.16530161310672137,0.10921202833797437,0.3486615891828323,0.20999593205827205
Arista Networks,0.18539193626503833,0.26645429210534477,0.476122606490674,0.6391438683584766,0.6753980882186842
Arthur J. Gallagher & Co.,0.0910773250042977,0.1023303914378593,0.20091827507480425,0.22413318798276555,0.8369762591681509
Assurant,0.072464048483899,0.1586433495992985,0.1753397260687932,0.3410572130689889,0.42255053157784417
AT&T,0.002849365195473556,0.11364241337866433,0.018617793006058994,0.22928561203296557,-0.022701485363179067
Atmos Energy,0.05588246853333481,0.09497231787935818,0.12390497624405501,0.20314159960289588,0.531241659469648
Autodesk,0.0975169893473762,0.1954362097361098,0.2427280460273983,0.4293458842224255,0.47119094610099743
Automatic Data Processing,0.07510419395893997,0.10806051809823503,0.1675227992304877,0.23168567139735943,0.6447773748056121
AutoZone,0.1152850142943535,0.1427826598020946,0.2642417822642218,0.31631329167448097,0.7693917291300963
AvalonBay Communities,0.03598445886736708,0.13250552807305813,0.09081654575741858,0.27118159936430325,0.23059597989824634
Avery Dennison,0.08112676409953626,0.17050777263019967,0.19789975395244552,0.36854124210492184,0.4439536459389732
Axon Enterprise,0.21999009499848243,0.41811094920285535,0.6631431306279726,1.207740622841808,0.5131673270650419
Baker Hughes,0.019113996386998514,0.25363271656898273,0.1029046895027717,0.5480280110515059,0.05395510402874581
Ball Corporation,0.07069504466604425,0.1600826413381402,0.17200707932895667,0.34494412082184667,0.4077008433959966
Bank of America,0.05833720509889191,0.24052053679107024,0.17791139872548942,0.5260675752805666,0.21997285148845788
Bank of New York Mellon,0.03742873321801549,0.157143198980587,0.10094537394691823,0.317417672599691,0.20363284345855123
"Bath & Body Works, Inc.",0.08512935017564206,0.38473986773626434,0.3254885865396805,1.182359905989221,0.20715330039789412
Baxter International,0.02113935460828319,0.14138060113403206,0.06270839985863055,0.2843241121178611,0.11111947256444304
Becton Dickinson,0.04680232543680224,0.09562786825065382,0.10493721009471257,0.2021054044957371,0.4326469826654712
Berkshire Hathaway,0.0667924090686679,0.10495699071887482,0.1490588968081031,0.22132493428737157,0.5846508352511965
Best Buy,0.05814048906777223,0.28611085220177357,0.20149755096235442,0.7428662888188365,0.18423373976451995
Bio-Rad,0.05699337383737112,0.17696996126006637,0.14854449750774962,0.37209929641691125,0.2913723701513915
Bio-Techne,0.06932432215276628,0.17057024736681964,0.17254048257740714,0.37929671770526174,0.3745970141904707
Biogen,0.07638721596361381,0.22439635287709297,0.20894891350907951,0.4936418144027416,0.31621725698480263
BlackRock,0.06539831984977362,0.16958858759294448,0.16382573081154814,0.35964253566797616,0.35361520442807737
Blackstone,0.11035693976024054,0.24092112375849634,0.29091909738496274,0.5618327424663834,0.4355272852122188
Boeing,0.06584533550688648,0.22865273681027426,0.18829355925053026,0.4829856310738463,0.2642265278354897
Booking Holdings,0.1263447150198156,0.2251509784158534,0.3193310357761452,0.5879766163529476,0.5370418511664615
BorgWarner,0.04873601882974508,0.22601449911035448,0.15091533639970126,0.5125078239975176,0.19161072506757332
Boston Scientific,0.1007591360908656,0.18959019182119038,0.24760494548641457,0.4383649577260532,0.5028209444576605
Bristol Myers Squibb,0.032797375996799605,0.14611631114088766,0.08801435494101875,0.31040157956949854,0.18730392934013468
Broadcom Inc.,0.1817181257908766,0.20828976498417867,0.43983007866836754,0.5054917261705884,0.846363761679992
Broadridge Financial Solutions,0.09297867928742674,0.1456827053607032,0.2158198385142412,0.3198697845765941,0.6009598894476385
Brown & Brown,0.08995600877121258,0.1241155932642815,0.20340442255503421,0.26620509710662393,0.6810328160121071
Brown–Forman,,,,,
Builders FirstSource,0.051582171880796356,0.12858615187794803,0.12235478400834576,0.27729413239044876,0.3589263262592878
Bunge Global SA,0.037737080321850705,0.1969058199459681,0.11565917869374279,0.4477547793245612,0.16407774819093965
"BXP, Inc.",0.006955325639312922,0.14922677726391576,0.03622135763211411,0.28864669088812606,0.01022677623861209
Cadence Design Systems,0.15819693005668004,0.16352110593978078,0.36815171462352986,0.3997923827985258,0.9342385033373827
Caesars Entertainment,0.22181289812567534,0.549049879380924,0.7941540850535708,2.686677173418979,0.3941056896146322
Camden Property Trust,0.0407780023995712,0.14174183916946076,0.10330391426159294,0.2987475081211383,0.2493885067900381
Campbell Soup Company,0.016062552745995943,0.12409801906793114,0.04777907167085163,0.25539065180958404,0.08568497745922612
Capital One,0.06826824221259578,0.23110118737554747,0.19458968357436623,0.5537616056387785,0.2719113049430357
Cardinal Health,0.050778054915225114,0.15060897272203408,0.12681116483213611,0.32762979407108367,0.3011031634847937
CarMax,0.06716919757496122,0.22662404363452787,0.19019402073566233,0.513797845362739,0.2724334973702191
Carnival,0.012789068819691066,0.2686689073673287,0.09790425441465136,0.5879563977966303,0.027393761758233163
Carrier Global,0.18150817994782237,0.3202995639527527,0.49844707719477016,0.9247511295748039,0.5497321351157696
Catalent,0.07729534985000122,0.25981801884304473,0.228042345816737,0.5811421828725781,0.2766018053351014
Caterpillar Inc.,0.08171307477951344,0.20315423253641623,0.21136313989643857,0.45731082001381135,0.37549726160105273
Cboe Global Markets,0.09307642858852498,0.15880910334617923,0.2200290399855575,0.3508121389777019,0.5519029448711261
CBRE Group,0.0895932924834835,0.21698708365534744,0.23428361452301774,0.478138447552646,0.3878759707086542
CDW,0.1281943968819891,0.14493599866900767,0.2938211377646267,0.3218540844836939,0.8470302839181036
Celanese,0.07756170517794914,0.1987033136943293,0.20061106301119527,0.4374128752256645,0.36301603157704176
Cencora,0.08544221576958581,0.13901097068573584,0.19750338570673756,0.30405676712677676,0.5755876575457252
Centene Corporation,0.11790456303501702,0.21275959219394164,0.2949644472274582,0.4972119765021173,0.5286499428569319
CenterPoint Energy,0.03586076275029588,0.1367637319564921,0.09170654550789736,0.27744588867411,0.22251181315051602
CF Industries,0.09099450905236645,0.2760930523435328,0.26647482261957284,0.6575421138912897,0.309914688351067
CH Robinson,0.020627391473134866,0.13863163742482076,0.060893564882964296,0.30466239770607245,0.10962991547979883
Charles River Laboratories,0.0878433441898474,0.20199139728782678,0.22419212093649085,0.4536392833845249,0.40800810587485614
Charles Schwab Corporation,0.07591360279134496,0.23551103180008975,0.21303983196451512,0.5356664489434084,0.29928273624035157
Charter Communications,0.10133149856048065,0.21483149646514174,0.2590705783138978,0.481442138705046,0.44640699040429566
Chevron Corporation,0.037536972179001885,0.15546916398217625,0.10064679012505352,0.34575473616913116,0.2065216958602622
Chipotle Mexican Grill,0.15308772446502214,0.2704937928752289,0.40275748859137056,0.647712974505576,0.5458850131681475
Chubb Limited,0.06502627702904648,0.10977986474431235,0.14632917927358116,0.2301570753492568,0.5428778800960267
Church & Dwight,0.07458108623081783,0.11911576678680294,0.1689090619078781,0.25723008050986845,0.5805433765553667
Cigna,0.0978375205591522,0.16637969414773235,0.23292159106445634,0.36718024230004775,0.5554061404733386
Cincinnati Financial,0.0654823279955261,0.16037640639244743,0.16096590495858326,0.34229854430383005,0.37445103408258257
Cintas,0.13029951906455037,0.1380837003270584,0.2966387157601496,0.3334041665907892,0.9043087778598266
Cisco,0.03521067240348815,0.1494165096054284,0.09398011231344426,0.3129771196396489,0.19931837320191637
Citigroup,0.03812143475547837,0.21369719339204998,0.12334968172209988,0.4658480587405785,0.1529838434334297
Citizens Financial Group,0.05154089418347096,0.2639932815540508,0.17540098524981357,0.6053429111836919,0.1746698898267389
Clorox,0.03644734484478621,0.11914547624924596,0.08841472626912933,0.2565253740239093,0.26033827755635724
CME Group,0.052542761303203324,0.1332830075810748,0.1256055977809753,0.2815990586638789,0.35348500441902875
CMS Energy,0.05360128882993773,0.09434108935592773,0.11897339850397838,0.19770858337794542,0.510616025099834
Coca-Cola Company (The),0.03331657325304614,0.08288855964371702,0.07461170976114079,0.17064845939651388,0.33644397481980326
Cognizant,0.052190510620671676,0.17261179098199794,0.13689127011777433,0.3794033023550446,0.2709044009984397
Colgate-Palmolive,0.03169826331226856,0.08117362066303117,0.07098859870922247,0.16967614590605734,0.323615557841029
Comcast,0.06679133272598278,0.14698446625917794,0.1596420675919676,0.3107369324652651,0.41747347531512086
Conagra Brands,0.02507943299426313,0.13566274074854567,0.06918701537127785,0.27589541408735596,0.14484608011318048
ConocoPhillips,0.06056104737815544,0.2133205744517764,0.1702825261673249,0.4811387770177773,0.2584459128727547
Consolidated Edison,0.030393845167180106,0.09225364436591224,0.07021980281302836,0.19030656547522692,0.2706085874367788
Constellation Brands,0.1173912890353012,0.18525905824405428,0.2828744998382844,0.44696180375354555,0.6043541045554726
Constellation Energy,0.3796236340643854,0.29206252442972813,0.9884919684943381,0.79104078243396,1.281213390918947
Cooper Companies (The),0.09874595260577461,0.17112717288424018,0.23651889116174563,0.38125255255718854,0.545306360489421
Copart,0.13453454280376337,0.18100407453017886,0.319921833162066,0.4231085873771537,0.7132730374133758
Corning Inc.,0.03867650016176209,0.1850024413739658,0.11306509055351611,0.4064335906579152,0.1797126737107758
Corpay,0.10710032506191254,0.2143225476267646,0.27159133937851304,0.5080550825489901,0.47438363069266826
Corteva,0.09232646827188547,0.20596128726347523,0.2355609396459439,0.4867499094410729,0.42191060585719115
CoStar Group,0.13206912653607425,0.2057408628105216,0.32389783215480694,0.4789420707548799,0.6155311493627713
Costco,0.10221674614303636,0.12018663885649075,0.22932249625005538,0.27004387558224235,0.8053102265317543
Coterra,0.0655161055183191,0.24887732150470337,0.19724696541886982,0.5823665511387269,0.24143175591737437
CrowdStrike,0.2924817176456193,0.519748054109081,0.9404139516480878,1.5705724228536744,0.5522916316795852
Crown Castle,0.04408805176929688,0.1259543094282327,0.1059798588084975,0.25888302375060607,0.3069274498456012
CSX,0.08116296092486454,0.17607379319959943,0.1999065562372348,0.40862719958487703,0.4301250218400542
Cummins,0.07032212995706255,0.18361047552388574,0.17929272903745455,0.41178157133786786,0.35342707431306136
CVS Health,0.03655002813372844,0.15802514093509892,0.09940083979318484,0.32666841191473944,0.1969358240729818
Danaher Corporation,0.09141529596819113,0.13145612494665038,0.20846317121416627,0.29865806152669416,0.654104776203176
Darden Restaurants,0.06861681549542951,0.18527952787929228,0.17626068802937095,0.4414564166917847,0.34103929041296965
DaVita Inc.,0.06828901838068442,0.18433508313034916,0.17521123466179653,0.40890879158038235,0.341008344878162
Dayforce,0.07999736841739602,0.2536357968130455,0.23068082078809024,0.5443037576422496,0.29399695380117985
Deckers Brands,0.15725096434599187,0.30065187237363916,0.42959576515379466,0.7028578010941283,0.5049752272218937
Deere & Company,0.08678197591677335,0.20184715670797876,0.22182580919142564,0.49691209691754623,0.4030413926268198
Delta Air Lines,0.08116139051126257,0.26957534244894776,0.2415602542425749,0.6174354187520794,0.2809313828329054
Devon Energy,0.0444782663571071,0.36649040522890014,0.2252120594475467,0.9792890044249961,0.10654862725067102
Dexcom,0.202607264581525,0.35644624401583697,0.5732822058226454,0.9337152229600262,0.5531775158594144
Diamondback Energy,0.16344380070620645,0.38319488288737474,0.5003879642861606,1.1174672560844605,0.4123608925467386
Digital Realty,0.04613696479212324,0.14938914343939425,0.1167133503085805,0.31497635957734377,0.27249468787008835
Discover Financial,0.10582508658488746,0.2415743084677714,0.2811907552913205,0.5832393807171457,0.41559001220883424
Dollar General,0.0753197920005244,0.1642301630476397,0.18327656950616472,0.3371747510082692,0.42556479226550464
Dollar Tree,0.08815736400502987,0.20286344390134925,0.22522838066833129,0.45619970550167827,0.40780214332669124
Dominion Energy,0.013009087232605491,0.10133861321126393,0.03645401942532938,0.19649902622963109,0.07479745590535995
Domino's,0.15551399936187718,0.1987178795364122,0.374690224402784,0.4636690881526968,0.75526562044937
Dover Corporation,0.07591029419953658,0.16007971286275913,0.18320122449880036,0.34236604830244166,0.44028738032867637
Dow Inc.,0.03477565758185947,0.2184442398780539,0.11843933802196087,0.49506082796246725,0.1343429372127936
DR Horton,0.1136119723700845,0.21930680849588335,0.28821349189920226,0.538054818894986,0.49329410396617746
DTE Energy,0.042902891525792006,0.0960825399131853,0.09687568333291012,0.19616279938428413,0.39001544692954027
Duke Energy,0.02855609735774163,0.08631477651803114,0.06537577789623875,0.17462982374280306,0.267936516912429
DuPont,0.04023118143986891,0.19175336600453782,0.11883985975619465,0.4128373240421833,0.18149337028910187
Eastman Chemical Company,0.05949523206401558,0.201503577638869,0.1631223491245783,0.45770074506246977,0.2683129298154996
Eaton Corporation,0.09458806058240055,0.17929507238942247,0.23026064893982734,0.40103785219512683,0.49727436797217206
eBay,0.07613480470603025,0.18983221455652696,0.19409219056283725,0.4236768133917407,0.3724635889213122
Ecolab,0.06581317052510248,0.11731765477928628,0.14971725201153047,0.24727142435026198,0.5147047463510861
Edison International,0.03414155316936449,0.11942819565244386,0.083707809945153,0.2412505477722964,0.24041505636990926
Edwards Lifesciences,0.10929474939395467,0.21330116417728937,0.2760193534826158,0.47454282951161914,0.4869431117037842
Electronic Arts,0.09930927742856403,0.22602087030729467,0.25955186584076967,0.5202202366570767,0.41536014139535177
Elevance Health,0.09160189276050061,0.1518880594061393,0.21465814685981452,0.3339714860776704,0.5673433205875291
Emerson Electric,0.0400624436849282,0.1440285320070549,0.10246823489839609,0.3038253772776293,0.24046087551462458
Enphase,0.3636507332533156,0.8584799045076581,1.5962828411450944,3.363479514269583,0.4172742012864372
Entergy,0.016709069102133035,0.11123569681751255,0.04606721020154497,0.22796884332387768,0.10140496841775998
EOG Resources,0.05816473384714209,0.23934902824533746,0.176984350765541,0.5791311278824712,0.22032893742798695
EPAM Systems,0.15453908185355802,0.27381143972624267,0.4079082467329051,0.6292337337795945,0.544571348893285
EQT Corporation,0.06340118552051759,0.33925327677339223,0.24588229988275306,0.9734651639389935,0.17088108711125263
Equifax,0.08858837504172616,0.16806149688285335,0.21326132474486176,0.3684706249579702,0.49481386162034663
Equinix,0.09202616267558783,0.1755081977494755,0.22331555122354144,0.40702517986330217,0.4934068437063703
Equity Residential,0.027864963367989756,0.14578519751114333,0.0777536927759056,0.30140422852178617,0.1538959165374056
Essex Property Trust,0.045381799529906494,0.13852999528690424,0.11200823611670263,0.28291621799803257,0.28840384111568446
Estée Lauder Companies (The),0.07249428744596369,0.19111112123454896,0.1867571223852404,0.4118708861063512,0.3509218628058264
Etsy,0.1943849771904281,0.5229904171774725,0.6999504053103632,1.5198238203841177,0.3612987049184916
Everest Re,0.06419347203343354,0.11969652009651968,0.14683094872268415,0.25166588003840856,0.49094372339832565
Evergy,0.03651922847723593,0.10640865513912105,0.08569170892950974,0.22212304095229088,0.2921755909532219
Eversource,0.03404314183525595,0.10318292172299891,0.07988892185892553,0.20869405297994376,0.27731260733870466
Exelon,0.013701563682571341,0.12730815987410463,0.043793641657505676,0.2632909232646984,0.06497892131444079
Expedia Group,0.07544531207299107,0.27459669403334813,0.23196462709041776,0.6244621094868819,0.25497792513504325
Expeditors International,0.05111285551498527,0.13105426673656917,0.12200859586415058,0.2869004636357335,0.3485856651076293
Extra Space Storage,0.10175635877910154,0.1604966200802117,0.23961895021289742,0.3517282426212462,0.6001817480737868
ExxonMobil,0.03423234878580657,0.17899097841019737,0.10166525604423741,0.40689504563419043,0.16091946232268856
"F5, Inc.",0.06355162841898204,0.24071913174922147,0.18907137006994637,0.5777006108277126,0.24145322898600216
FactSet,0.07639444029984797,0.13562945190819636,0.1770151340848334,0.29969739337504386,0.5232287126579014
Fair Isaac,0.17039143339659882,0.19687802747875333,0.40856609705913727,0.4975036180729778,0.837890437697399
Fastenal,0.07364726943041515,0.14643582811701167,0.17415584315512062,0.3306234045061662,0.46585629711110643
Federal Realty,0.022789284379686515,0.13817250546935778,0.06518415923418984,0.2770013329591228,0.1256405356571519
FedEx,0.06397240629860995,0.24429003813809394,0.19169801739131043,0.6768550742456266,0.2396462416780606
Fidelity National Information Services,0.05050898299737926,0.1576650468420796,0.12842035632249527,0.32245859792810727,0.2859211164482537
Fifth Third Bank,0.0602234332509188,0.2231278893296143,0.17384569567619373,0.508175463452388,0.2455731403013844
First Solar,0.10679063986002642,0.4396004632470946,0.4181794050955713,1.1212376562679325,0.23057624264519172
FirstEnergy,0.00788291281686383,0.12850470640803363,0.03233675277823697,0.2549604380330929,0.01909421145749402
Fiserv,0.0996371054632713,0.11394065714644153,0.2221805634708244,0.2463801284603649,0.8268153883188996
FMC Corporation,0.05194150806685251,0.20536708390884179,0.14874464129728315,0.4246290840146936,0.22648367207703404
Ford Motor Company,0.02851899059323228,0.24511796259902402,0.11791712823697255,0.5644351456176119,0.09419861999904926
Fortinet,0.17390320552330193,0.299116025193632,0.4674938154319819,0.7879793820329849,0.5632395945179302
Fortive,0.04980977528340446,0.13618349409972474,0.12063673703702155,0.2884963875974527,0.32588794110011393
Fox Corporation (Class A),0.0008879492122849923,0.16915390378040954,0.030366334259071655,0.35853143902525436,-0.026846956917033336
Fox Corporation (Class B),-0.008017884710087372,0.15605100762021773,0.008360506115366427,0.3237994173561505,-0.08617119296172257
Franklin Templeton,0.0030091810885789104,0.1703411781323284,0.03503532375607777,0.3547575498212356,-0.014206991623403888
Freeport-McMoRan,0.07424715523323698,0.41307142053697155,0.32458666715795215,1.2152466349856088,0.16660058051063314
Garmin,0.07061795057432467,0.18827856174257002,0.18166158211241662,0.4062480612357147,0.34623556283604096
Gartner,0.12620795902066564,0.1823792416904922,0.3015971427102152,0.43397885190755026,0.6622395242009411
GE Aerospace,0.05709034749215425,0.2858687428966708,0.19913781672205855,0.6962522357498075,0.18071626225817164
GE HealthCare,0.07163467358918005,0.18876150961243512,0.1839012650050244,0.4171535829807078,0.3507359998639943
GE Vernova,,,,,
Gen Digital,0.02709037352629135,0.17960514238433195,0.08716351465884753,0.382255597964332,0.12060432379220862
Generac,0.13436070311301437,0.33212855182777773,0.3970521256501129,0.8121599367609805,0.38819753864595474
General Dynamics,0.06019899684145982,0.13929871740312477,0.14342055487411307,0.29211727046229213,0.39318222797079083
General Mills,0.028328637912991454,0.1108682720653397,0.06974808315510499,0.229016664429784,0.20654620755765127
General Motors,0.03664849496296559,0.2494005679767801,0.13682196502865024,0.6001164533373666,0.12517725375207064
Genuine Parts Company,0.0553334625550795,0.13300927821073966,0.13141517920390697,0.28815184941889627,0.3751937191673626
Gilead Sciences,0.06052115309959278,0.19400907213219248,0.1623339855564881,0.43892692900988267,0.28396577394395756
Global Payments,0.07608024499961061,0.17481533162971424,0.18850044631297966,0.37927559807863204,0.4041466361190488
Globe Life,0.06301668591171897,0.1356942818523103,0.14841220242830588,0.2787731230625461,0.42439127387085873
GoDaddy,0.10764082817706519,0.18970019226410845,0.2628381206151216,0.4504309287944112,0.5388060506303353
Goldman Sachs,0.05608795127370879,0.20873425882868454,0.15887942283097503,0.47715947863409464,0.2426948732735843
Halliburton,0.04986988549139839,0.297615794344338,0.19077687379213107,0.7035401758510539,0.149322279114513
Hartford (The),0.06715540535346962,0.19430192350386566,0.17656321378953327,0.42720881849205433,0.3176818194124358
Hasbro,0.030819379232421396,0.17942100739997943,0.09477138130175522,0.37050345097465665,0.1415116480557597
HCA Healthcare,0.11791151406921646,0.20967319686742825,0.29367541722014223,0.46366951136977835,0.5364648365661677
Healthpeak,-0.004065087063471828,0.1443870716860204,0.012728078117360214,0.2843063713992982,-0.06575591382269662
Henry Schein,0.04987145785832306,0.12243063471431306,0.11721509689889664,0.25399577214437885,0.3629993521033488
Hershey's,0.0623929473661542,0.12515319776092784,0.1443376653434724,0.26540745065604393,0.45515201853286025
Hess Corporation,0.06227444051572515,0.24920942490152284,0.19051475076623078,0.5775368391130767,0.22810222269387428
Hewlett Packard Enterprise,0.06666498143373248,0.21572873472835621,0.18429065202890207,0.49317748833930986,0.28385539242796926
Hilton Worldwide,0.09329452031357939,0.17799629382591814,0.22696312017604944,0.3805267946303753,0.49363557884012316
Hologic,0.0683272943006791,0.16656023570225562,0.16905766974838582,0.38856116045223865,0.37762961403159007
Home Depot (The),0.09864245712832595,0.13909009569312802,0.22635582905926363,0.3107923906729336,0.6701644706216537
Honeywell,0.06732197107774605,0.13419803564958402,0.1571802067602843,0.2946837553442576,0.4612046219509045
Hormel Foods,0.05052929556002486,0.1320941381955105,0.12105572475006184,0.28682260876717314,0.34142377093105586
Host Hotels & Resorts,0.027334231526435576,0.1726708053799529,0.08522239362225814,0.36635447352736,0.12685997901503446
Howmet Aerospace,0.12587116626667344,0.3073063001751058,0.3619709849804129,0.7175551594372006,0.3919280191086838
HP Inc.,0.03830183506791636,0.24021184495447703,0.13575610356408419,0.5440461433272769,0.13684844847980104
Hubbell Incorporated,0.08908902965382202,0.15608284923019927,0.2104698767719375,0.3484363910221847,0.5359961923235425
Humana,0.08741578236017007,0.16482689396351216,0.20963330112041678,0.35620530356711866,0.49741012288257913
Huntington Bancshares,0.05158705087728847,0.1985738307037844,0.14525573404117023,0.4341794618557215,0.2324467123098268
Huntington Ingalls Industries,0.10056950361881462,0.1945708960769608,0.24909933794254768,0.4336962025454603,0.4889749122692896
IBM,0.020818169504509727,0.11914509270733548,0.056261271455301486,0.24653613364034985,0.12916144824264858
IDEX Corporation,0.08062930509718566,0.13728982438252432,0.18660285744016072,0.297528245302046,0.547746991854498
Idexx Laboratories,0.12726592146903123,0.20447895229524146,0.31252826838592973,0.4603862682374606,0.5958398325207035
Illinois Tool Works,0.06934417719993093,0.12405741678843865,0.1588828570642435,0.2626936104253168,0.5152046695402555
Incyte,0.09934513311560078,0.32830883115610315,0.31631591040815593,0.9131969470318821,0.2860596713328138
Ingersoll Rand,0.12862078923036172,0.23146511096821507,0.3273291308639887,0.5381768719521199,0.5322252322850195
Insulet Corporation,0.12342827088615026,0.25124589219173143,0.32519771611560416,0.5774141956259975,0.46965565517257035
Intel,0.035909525956423674,0.1808790885326816,0.10581653278489275,0.3772606992865714,0.1685120675046457
Intercontinental Exchange,0.07315864801992268,0.11399990122500528,0.164661783886277,0.2401588488539802,0.5941183326713352
International Flavors & Fragrances,0.034541717886431095,0.14382962667241148,0.0909576738601772,0.2958053097637446,0.2024096271438743
International Paper,0.03355904328166062,0.1755044193902162,0.09903738132838501,0.37455211199777944,0.16027987557219953
Interpublic Group of Companies (The),0.06832418787817697,0.19726471250848793,0.18021892606717702,0.44277583864982634,0.31883538773334874
Intuit,0.12120253528686442,0.15186995225198666,0.28015308107842196,0.33423282448151836,0.762318791773534
Intuitive Surgical,0.10667785581501606,0.1982839712286827,0.2640412845759069,0.43262839857734586,0.5106244262115339
Invesco,0.024218499161926917,0.28364009522145994,0.12945247258796175,0.7376154719373539,0.06624339329681514
Invitation Homes,0.044934864428553704,0.1462707727462862,0.1132717980208098,0.3141759006756131,0.2700857246283407
IQVIA,0.09028537897943184,0.14469187265108716,0.209650168607538,0.3200086330174085,0.5864611511707366
Iron Mountain,0.06101755621242111,0.18529403197484748,0.16008241757418604,0.41426289841089897,0.30000070072705437
J.B. Hunt,0.07089054420737413,0.14729892980761705,0.16849739290040708,0.3234244671214753,0.44441142589050486
Jabil,0.10091300228660124,0.22876698973365073,0.2643289653851966,0.5357539119580172,0.41738445576586747
Jack Henry & Associates,0.07792157029266783,0.11055838070068201,0.17413460851431425,0.23521986014436455,0.6556929746420842
Jacobs Solutions,0.05823695959349262,0.16960923130345468,0.14862461384267633,0.36707804036454256,0.3113494613956862
Johnson & Johnson,0.03521124927017227,0.08129116606063072,0.07826871438734523,0.17103215626966384,0.36636247127435473
Johnson Controls,0.05966649309874056,0.185089796171357,0.1571416153457541,0.40612222104468043,0.29303223322533556
JPMorgan Chase,0.07072625044902808,0.1737929989396485,0.17665016318993387,0.3769120202719988,0.3757172847467667
Juniper Networks,0.02801662238193052,0.18594645037358104,0.09138447446239448,0.38585860814741835,0.12147263664955688
Kellanova,0.009418749579259061,0.0985209513375707,0.02862984328476415,0.2004954910670681,0.04049425777633568
Kenvue,-0.1135942077470942,0.09242656682976556,-0.20579009373408896,0.1664058716706944,-1.2877620429820928
Keurig Dr Pepper,0.033129658358677205,0.1930115143163109,0.10459979420020966,0.3178929353442422,0.14351704185821554
KeyCorp,0.049023815102470635,0.2286934128452608,0.15273684244485497,0.4979632242289413,0.1906246348798078
Keysight,0.09868491376626827,0.18657267824083032,0.24190294510184437,0.4121329432281852,0.4998357630181361
Kimberly-Clark,0.03265258677228819,0.09053736576722586,0.07456606009541042,0.1877454110255927,0.3006865702593402
Kimco Realty,0.028753610533820317,0.19136027540451506,0.09494238434574216,0.4159729114284411,0.12188733374828922
Kinder Morgan,0.0013312666993111695,0.18054531154600426,0.035250897793988094,0.35326217636509866,-0.022697626678997385
KKR,0.10951461759082597,0.23709470962301457,0.28722005933991135,0.5399835416166301,0.43900347239674065
KLA Corporation,0.13542546122824803,0.19648652358565408,0.32778700752096857,0.46066271136130843,0.6616038702122657
Kraft Heinz,-0.0276608200924054,0.166259153256216,-0.0269272699686601,0.3216841800763919,-0.1990268579128223
Kroger,0.07165228587662899,0.16976526671331824,0.1772507124722183,0.36803758312977075,0.39008608992458926
L3Harris,0.06598217905726018,0.14629496401349953,0.15771416647495037,0.3132946365810799,0.4139100938036865
LabCorp,0.05070006747414394,0.1295417835133767,0.12074695700145957,0.2792832652774165,0.349469101527721
Lam Research,0.14722057385337742,0.23634949816697162,0.371960323597541,0.5538419570561673,0.5999223953239865
Lamb Weston,0.08298269679157938,0.20471319808864666,0.21473582327096735,0.4300993225765038,0.3788396680636627
Las Vegas Sands,0.060136271345126356,0.2636122323847678,0.19336065921463105,0.6514342816474024,0.2075285128872564
Leidos,0.053270315776519334,0.1708546290615324,0.13856140223634966,0.36991115259713453,0.28001055201064506
Lennar,0.10813664749671158,0.23815737374447227,0.2846697146936433,0.5956053811142579,0.4312586635569994
Lilly (Eli),0.12779490126374823,0.1580892755411704,0.2969064864224272,0.3799712799184659,0.7740290039627357
Linde plc,0.06765510968393729,0.10349964822193307,0.15059657923994504,0.2257802071775586,0.601218399999596
Live Nation Entertainment,0.10022992681668083,0.23258093314749972,0.2645844756232172,0.5259715481609158,0.4076031029471098
LKQ Corporation,0.0733048990777644,0.18553614124633863,0.18639732538558001,0.41065213015868496,0.36583536685835977
Lockheed Martin,0.07074426139056975,0.12443628303457785,0.16197328028889155,0.272372932642558,0.5248874606210684
Loews Corporation,0.035471951724306956,0.13128718973821996,0.08943361171182206,0.278083114610165,0.22883218846244638
Lowe's,0.09830920733276524,0.18449757101089914,0.24031283665884864,0.45503646249189933,0.5034212106123215
Lululemon Athletica,0.15290639531893496,0.3073236894858191,0.4236142810054014,0.7914226870190626,0.4798757257738648
LyondellBasell,0.08821486251476568,0.25335404573458015,0.24838128111691177,0.6329052905917537,0.3267587280688949
M&T Bank,0.034685069835467375,0.1659909582129416,0.09811839540156224,0.3544430380095914,0.17624967872352923
Marathon Oil,0.07300982773336841,0.3754155257983723,0.2922470271690385,1.0277475131422666,0.1800154929933262
Marathon Petroleum,0.12907946448430208,0.25751142424243717,0.3411115991562683,0.5855684542030212,0.4801738333304562
MarketAxess,0.12558793164219098,0.23699372469049929,0.32309832435494484,0.5363988942580946,0.5070122216091838
Marriott International,0.09590228181339198,0.18806036027501793,0.23635850283564333,0.40732665491871495,0.4810852478515901
Marsh McLennan,0.08490486385958827,0.09190239802496174,0.18546222444813723,0.2026758149809304,0.8647831698425991
Martin Marietta Materials,0.08621470141315006,0.1916498354580377,0.21658164377150624,0.4267493305784834,0.4215265013958889
Masco,0.08138339304773987,0.19173698949010942,0.20614271321760164,0.4278357714938848,0.39613731534171315
Mastercard,0.1192995972834307,0.12842524449196316,0.26931996493975136,0.2888993821630223,0.8866666437308676
Match Group,0.10391943185769263,0.3027322995005425,0.3102590243005297,0.7135551197398359,0.32533765059347586
McCormick & Company,0.055369052139312945,0.12458870477551517,0.1293217892831952,0.264236706200106,0.4008375835503648
McDonald's,0.05642709535506654,0.10114374232623077,0.12626536965923657,0.216900373725076,0.5042119008326927
McKesson Corporation,0.09146999430170624,0.16403898641032494,0.21820792326512828,0.3617540360235223,0.524514198759186
Medtronic,0.0324784705332093,0.13003741378935837,0.08291673623007126,0.2639044030089888,0.20801131740130951
Merck & Co.,0.052836622931853865,0.1058058015148665,0.11965665445968035,0.22493985040140385,0.4480605550326758
Meta Platforms,0.18315335841716798,0.33591462902992497,0.5126520616568832,0.9407372860385232,0.5290753253318711
MetLife,0.0396418726111527,0.17541989663962615,0.11161865597013187,0.3794281391110095,0.19503292663552194
Mettler Toledo,0.10694443386097602,0.17422279891685996,0.25567097430190483,0.3922611794958275,0.582674699939782
MGM Resorts,0.08039939401578017,0.27653386900009425,0.243712192646202,0.6771278688137077,0.27110667314436254
Microchip Technology,0.08039367970550088,0.1611786106386505,0.19322169664372263,0.3574228459440029,0.46510180618282865
Micron Technology,0.15376184815072244,0.37270258570801273,0.4700343136944124,0.9071221630102471,0.39799195674887367
Microsoft,0.10966872259652788,0.13688687498231883,0.25009738823962324,0.29899164626684055,0.761501099579974
Mid-America Apartment Communities,0.04330040915801985,0.13683061126434545,0.1071930620742256,0.28889399913932706,0.2767742687740405
Moderna,0.4073496370084514,0.8434783281777753,1.6915354594080887,3.2414910365418548,0.47650355296895686
Mohawk Industries,0.06037519853113662,0.2627019118718167,0.19338832806413908,0.6207852585906133,0.2091571445377277
Molina Healthcare,0.13964341678883083,0.24387261133549681,0.35824413894315044,0.6082819438860464,0.5503455237323309
Molson Coors Beverage Company,0.023583516212589733,0.15794831361808115,0.07266382510761658,0.3358487921570747,0.114938228951663
Mondelez International,0.03734296726086755,0.10580254104210182,0.08727144185070346,0.21083646456393965,0.30163500958585215
Monolithic Power Systems,0.15444894306972384,0.21664642886198077,0.37967475611769097,0.5182478782745435,0.6878476006878211
Monster Beverage,0.12069895777195831,0.1950646547971948,0.29400560660373104,0.4607647122566706,0.5909309460105755
Moody's Corporation,0.1158757806683269,0.16285944453398465,0.2716944514064696,0.3605573126445869,0.6781710707962892
Morgan Stanley,0.0678075115040517,0.22846284338363224,0.1923933829716453,0.5153942782163566,0.27303474736100136
Mosaic Company (The),0.01937076424742793,0.3021030625754093,0.13035719021880357,0.7430009233583249,0.046148315575325456
Motorola Solutions,0.10188165624490964,0.13174577570965537,0.23149522236887182,0.2919900881257513,0.7321103006600248
MSCI,0.11835019447276379,0.17282098223547956,0.2805657980221619,0.39036483137714106,0.6533985412690002
"Nasdaq, Inc.",0.09143072237203652,0.14211091335999143,0.21141081880093163,0.3110308042789572,0.6051717180562638
NetApp,0.06987773260698378,0.2488274731425231,0.20653595427965063,0.560285626925193,0.25900884260735707
Netflix,0.25179614454300103,0.4922815351644041,0.8092661231885027,1.5623178624829093,0.5004594122777687
Newmont,0.01972364043591634,0.26631082322010263,0.11073768910474041,0.6626519787863963,0.053675714278711546
News Corp (Class A),0.04276646344495921,0.22009374394475062,0.13578496975442375,0.5263004391050029,0.16964247141393626
News Corp (Class B),0.04159363111792154,0.20549149615269446,0.12712819649248405,0.47706951430804795,0.17598983420522285
NextEra Energy,0.06754179078438896,0.11163249543865365,0.15210376284583255,0.23312764546285367,0.5564022712284217
"Nike, Inc.",0.07487304949187758,0.16637405991530876,0.18302456775947445,0.35970722490989604,0.4173957932372492
NiSource,0.061254574927016386,0.10833359203896152,0.13799411903743242,0.22765861225087086,0.5153097676989561
Nordson Corporation,0.08822173583182547,0.16558622940646767,0.21163758713220726,0.38211252222629016,0.49999640277554386
Norfolk Southern Railway,0.06422004649086718,0.14805771138825669,0.15447919034399682,0.3220559495411031,0.3970804975991583
Northern Trust,0.02732022256319382,0.14681623688417067,0.07693574777713853,0.29928847909981937,0.14910480099717363
Northrop Grumman,0.08675760449141004,0.13984435823454142,0.2005930016512602,0.30556826283953553,0.5815635949759492
Norwegian Cruise Line Holdings,0.03090355648276522,0.2965865416125084,0.15069394068568664,0.6255584921452143,0.08589175882640657
NRG Energy,0.07263079606758611,0.26107330248660915,0.21867680722362404,0.5970624854441726,0.2574050224519121
Nucor,0.07124672290601605,0.22344569199428413,0.19748339071371865,0.563913484023039,0.2945570601033295
Nvidia,0.29548530936620954,0.4595400865343338,0.8893995220890668,1.3766428186439532,0.6311877920689576
"NVR, Inc.",0.1038464242704946,0.18132567159140692,0.251346623931106,0.4075222805139652,0.5427648861151825
NXP Semiconductors,0.1479304015083304,0.30804500325811063,0.41260789773374346,0.8816693103721381,0.46259859183465846
O'Reilly Auto Parts,0.1300901438964914,0.14544805580842002,0.2982528840970015,0.3254964643748735,0.8570821137772067
Occidental Petroleum,0.03857862064016648,0.3344667736251458,0.19048191912151682,0.9530163353964131,0.09911120169411232
Old Dominion,0.1544162506248766,0.1719067610814101,0.36222045203501946,0.3933944999405256,0.8666734973553192
Omnicom Group,0.04318260491668752,0.15649560319225744,0.11271389094745236,0.33913708012924676,0.24124248456284875
ON Semiconductor,0.11809416908324251,0.2840781004765664,0.33081210269033257,0.6893590896818991,0.3965985132779026
ONEOK,0.08836835223909636,0.2786516340795554,0.2621704319858677,0.6743369674803753,0.29764453287215065
Oracle Corporation,0.06973891916525107,0.1483141334597552,0.1663322129458782,0.32813978321333326,0.43360468005077724
Otis Worldwide,0.08516591196464314,0.14765494175582394,0.1993644455876917,0.3287039875970677,0.540020498041153
Paccar,0.0617218330229395,0.14870297089400272,0.14935956717534346,0.31557131314314024,0.3785574417584428
Packaging Corporation of America,0.08908665104477566,0.1696733570890638,0.2148906352830334,0.3722213687627502,0.49304991485161165
Palo Alto Networks,0.15545737847931648,0.2493180548726641,0.39721975236733864,0.5956933885659847,0.601754099904701
Paramount Global,0.03670947409910479,0.31744737025457964,0.17551085133554362,0.8760733894351763,0.09853682925328275
Parker Hannifin,0.09494966331400721,0.1858880790685328,0.2334593654351688,0.43025016818729417,0.4815825037472003
Paychex,0.05834598383238661,0.1210015237157861,0.13473344723377662,0.2565142566723328,0.4373231462543751
Paycom,0.1800638196430373,0.3270725777318457,0.4994835500673903,0.8350880258517128,0.533932266882942
PayPal,0.07962118879669006,0.2920342045854923,0.25082622098077695,0.6443483217789406,0.2540523365150704
Pentair,0.06185732484731363,0.1858505899642748,0.16207164636933352,0.40557205028976206,0.303620817554224
PepsiCo,0.03819058570144592,0.07200392899755136,0.08302279097705735,0.1499256079928154,0.45499418404146236
Pfizer,0.028293977477237955,0.13318111945737718,0.07512069567760461,0.27793146217739423,0.1716816977584414
PG&E Corporation,0.00035333849829448263,0.23163738052814667,0.05434749514199719,0.4951930479931554,-0.021913036097877942
Philip Morris International,0.031725579391110446,0.12081171460805473,0.07904901154220301,0.25398401834176865,0.21766401293945026
Phillips 66,0.08237132141926791,0.2143359923249017,0.21745208003591246,0.4779386698493992,0.3589789274552143
Pinnacle West,0.030486766226095762,0.10400483147604857,0.07271691949849315,0.21048531646360394,0.24092678283355187
PNC Financial Services,0.05046012101091716,0.18266575194899226,0.1368238011233697,0.4033207660646586,0.2465207831847208
Pool Corporation,0.1182019000958135,0.16769599194640164,0.27848947755295783,0.38679115694351335,0.6724828781383865
PPG Industries,0.06419033822661757,0.15446249743265938,0.15635298790999977,0.3328325424145705,0.38042322520914734
PPL Corporation,0.007790676247583456,0.10347646416959107,0.026346395950085796,0.20181014527312405,0.022821223039545795
Principal Financial Group,0.05876318075850946,0.18975019825406142,0.1569744224563138,0.40631664789154925,0.28107461530908967
Procter & Gamble,0.039152174055909844,0.09589877294068211,0.08903121318350828,0.2004175369654687,0.3516516034813441
Progressive Corporation,0.095584377972862,0.12270293157265821,0.21535687834380282,0.27540378616924427,0.7347433352890286
Prologis,0.0665331802132086,0.14898338184939422,0.15968279184762713,0.3201922041169317,0.41013945767154303
Prudential Financial,0.04129996707734245,0.1824274134743869,0.11757596559869025,0.391425369812426,0.19663026304406334
Public Service Enterprise Group,0.032038653696345835,0.09111414457497631,0.07340322094577062,0.186068541457263,0.2920450720472245
PTC,0.10598914532650053,0.2068631993117777,0.26599226404236304,0.4827698000063811,0.4861180184858019
Public Storage,0.049735518813808104,0.12472023959878423,0.11749539605776332,0.2645601421804498,0.3552454852308859
PulteGroup,0.12501082445018274,0.3080637911786265,0.3605258002079196,0.804593783615029,0.3881715771050139
Qorvo,0.0505066788740691,0.24538162594668206,0.16374996946418466,0.5512151284935318,0.18370349418272314
Quanta Services,0.1156524247174265,0.22759440321047325,0.29646488776170454,0.5694148410998755,0.48429665397382093
Qualcomm,0.07582942877680741,0.21927982949358588,0.20547899743375597,0.5211701368408549,0.32105192784930103
Quest Diagnostics,0.03921460068670659,0.12492464822335543,0.09556873800744431,0.26122104269340046,0.27044610001122704
Ralph Lauren Corporation,0.050193599258251835,0.23011866744791856,0.15584621270698132,0.5237463897512988,0.19452738439378217
Raymond James,0.08567455998654736,0.1872288181753129,0.2137339613070654,0.42615375244050746,0.4285950420943397
RTX Corporation,0.03957477982199666,0.1429817292709149,0.10115371286471153,0.28924147173347065,0.23881067334046327
Realty Income,0.030503455018433476,0.12930233939686261,0.07865173485172555,0.26660105649041266,0.19391944767564062
Regency Centers,0.02999939936057683,0.15414800747334578,0.0846536471763221,0.32870884636951986,0.15939344908755754
Regeneron,0.1760133376784791,0.3133326412877134,0.4811569336948895,0.8633180540950993,0.5444186095581945
Regions Financial Corporation,0.06483323294160236,0.252261672173516,0.197487758447267,0.5902642265304613,0.23548569883940262
Republic Services,0.07298223578522144,0.09729805237304229,0.16075511049724278,0.2108203334491398,0.6942895295251793
ResMed,0.08262686130007851,0.16842841224045618,0.200441023656815,0.3657048007569849,0.4583409859046937
Revvity,0.07082327008448615,0.1726303917365164,0.1764552951799692,0.38211864152451575,0.3788096212216828
Rockwell Automation,0.0763729423117528,0.18562573490514903,0.19302587428294193,0.40710625572789566,0.3821869072657299
"Rollins, Inc.",0.09717490825823662,0.1348833454529943,0.22198114805485722,0.30774761625090624,0.6801854681961722
Roper Technologies,0.08997402985911128,0.1140076760174954,0.2010374580436226,0.25158761539139973,0.7415712347887132
Ross Stores,0.10470921865427113,0.1827658522473996,0.2537763625306326,0.40783243843122,0.5432087047664454
Royal Caribbean Group,0.10821172868861553,0.3171394247857904,0.3286821904202086,0.7576266969793587,0.3240925090868586
S&P Global,0.10686841333172527,0.14740523867099248,0.24687984045910155,0.32513957424304896,0.6881654781531289
Salesforce,0.11807761788238401,0.2039207963079343,0.2916694840273515,0.4706640532238598,0.552412520657538
SBA Communications,0.07776171859450873,0.16072692894607862,0.18739615786780342,0.3472755517865301,0.45003349649858304
Schlumberger,0.018953304694948384,0.23867162853975601,0.09521386453168533,0.5267178004799822,0.056663994787591605
Seagate Technology,0.10612883259300189,0.3300126841084139,0.33239854865652574,0.8799868633746536,0.30513862243093354
Sempra Energy,0.044811235756699125,0.10557895518372053,0.10277427994877318,0.22087108864656882,0.3730101222231633
ServiceNow,0.17027150006455194,0.2215350429450243,0.4185962706867913,0.5201392391671272,0.7440912331239317
Sherwin-Williams,0.10867752309225902,0.1559620012197261,0.25348311314089306,0.35130252605355994,0.6620093709067802
Simon Property Group,0.04872645928959214,0.21421786726735864,0.1457034959844528,0.4595870874340357,0.2021177927989011
Skyworks Solutions,0.1085211684062399,0.29844709633865363,0.31786464619317223,0.7224780763581728,0.3454278928880375
J.M. Smucker Company (The),0.03057015870997221,0.11065033019172191,0.07431488310845497,0.22564432889714905,0.2272107266827427
Smurfit WestRock,,,,,
Snap-on,0.07820805389877795,0.14777129687862736,0.18436278473841228,0.32614423979799795,0.49250997085807224
Solventum,,,,,
Southern Company,0.03299472238894293,0.09358113894556051,0.07583304799951245,0.1913139467933733,0.29456262148671986
Southwest Airlines,0.059304603958682305,0.24667797598691324,0.18295904934896665,0.558365698893567,0.21840371830404046
Stanley Black & Decker,0.033039643396843066,0.18236630602359408,0.10041896368638605,0.3860108035728022,0.15140092059464785
Starbucks,0.08547406673920935,0.17369602101120285,0.2084157201229313,0.3777303464802402,0.4608329511164856
State Street Corporation,0.03769449962355958,0.1895871046283862,0.1127429740857121,0.40150013810223556,0.17018711745916373
Steel Dynamics,0.10605855451027053,0.25151119591763166,0.28660550788052835,0.5853129204118082,0.40009883998881846
Steris,0.07890621174448223,0.12158616016330773,0.17881762495043022,0.2599996343723993,0.6043203837210287
Stryker Corporation,0.07626767931266425,0.13383238152628574,0.176258155653293,0.2840762996371518,0.5293073449442082
Supermicro,0.25034832173476956,0.5825832814120283,0.9026781660343918,2.387025971513314,0.420401876898569
Synchrony Financial,0.0576054852430495,0.2617546638817679,0.18701611469487206,0.5940749950205806,0.1993327174762066
Synopsys,0.13168146011802942,0.1442401228784856,0.30150225306581624,0.342392489042638,0.8752921227401087
Sysco,0.04389831645229964,0.13512931036013312,0.10797845868037949,0.28842810191817275,0.28468360839221335
T-Mobile US,0.1134058948792909,0.21358305145020517,0.2852774983788182,0.474285802255773,0.5055489064638585
T. Rowe Price,0.04293154060810227,0.1715616169854154,0.11713125818500963,0.36096381542899747,0.21859390513826135
Take-Two Interactive,0.12727819302286694,0.23886734405913704,0.32779758718941665,0.5589810384776089,0.5101114877104123
"Tapestry, Inc.",0.04902670484826386,0.3484458730095032,0.22183719778263183,1.0327521705436815,0.12511982906352048
Targa Resources,0.12088756741207655,0.36535688503287306,0.3898341420218739,0.8895742606373955,0.3160152589495132
Target Corporation,0.05819438944996663,0.2020265002015124,0.16057852349403615,0.4477863957789454,0.2611794621889212
TE Connectivity,0.07377847471653817,0.16281032003770088,0.17949991245274183,0.36125669051589876,0.4198091246383236
Teledyne Technologies,0.09526069936771271,0.14075431237612646,0.21940216998312928,0.3104492200260115,0.6382147805762256
Teleflex,0.05872908302813118,0.14916192573701284,0.14315025556098115,0.31208719817105635,0.35732889599909323
Teradyne,0.11335024723461966,0.23276180549137893,0.29371150059287765,0.5504167309157675,0.46365437932294784
"Tesla, Inc.",0.33304689904222223,0.7547049550401862,1.3464266699852097,3.448573958000025,0.43410034620132015
Texas Instruments,0.08313269767797068,0.1466052490805273,0.1946634580320685,0.3200991004850631,0.5300184092035073
Textron,0.07583703112001,0.21938071591220384,0.20553959750945008,0.4938313423029086,0.32093893963205755
Thermo Fisher Scientific,0.09877798695794372,0.1386900328253168,0.22654254700862955,0.31021702631415876,0.6730748293649402
TJX Companies,0.09172579160065726,0.13376379207735303,0.2097528930858488,0.2954271939931166,0.645141510128002
Tractor Supply,0.12537448586000843,0.20502605658420955,0.30849152265575924,0.47790650382326455,0.5850245138540141
Trane Technologies,0.11556856069423144,0.19346514081557162,0.28191138327301474,0.4319245464372586,0.5692981353152428
TransDigm Group,0.13348597347761096,0.17373176244065955,0.31496463668193236,0.39328928274822456,0.7370946734160073
Travelers Companies (The),0.05974998738048201,0.12079326988110844,0.1376569210482342,0.257070955774733,0.4497003074303886
Trimble Inc.,0.07612990254263552,0.23105148988641386,0.21142525207224555,0.5348002334823869,0.30599536838289465
Truist,0.024781774320585065,0.18287898534498442,0.08361294455834078,0.38084341818376555,0.10582165853912953
Tyler Technologies,0.13872111745267324,0.19164186089004168,0.33340199381732577,0.42955021038363,0.6955260194938645
Tyson Foods,0.06354918105927676,0.2048924457579898,0.17310589571105028,0.45187658539933573,0.28366084491226157
U.S. Bank,0.03128573544878762,0.1599580186659736,0.08912959576031565,0.3324459733473033,0.1616456548099404
Uber,0.128667838964804,0.3539266814194816,0.39904912040722895,0.8460146761317401,0.3482038191952905
"UDR, Inc.",0.0354610911981173,0.13162419513719664,0.08949969777396316,0.27195883893854367,0.22816378392580747
Ulta Beauty,0.13977235915308112,0.24151212186083632,0.3573926308549775,0.5705961259576982,0.5562583829687291
Union Pacific Corporation,0.07941862734547014,0.1344003817693149,0.1832029243437782,0.2873646785246227,0.5505148839014466
United Airlines Holdings,0.07512343692339259,0.27605504697786115,0.232075229806622,0.6076064308475541,0.25246493736285947
United Parcel Service,0.04128015375623265,0.15736330726091324,0.10902056194500286,0.3808839489808376,0.22782272183289232
United Rentals,0.21966571241423188,0.3926571007524505,0.6417204213063393,1.1554551477317776,0.5456070836978725
UnitedHealth Group,0.10977855707378643,0.12017911196693888,0.24604737781817265,0.268529128592681,0.8682818385533349
Universal Health Services,0.07665488568505391,0.19409294872419094,0.19684715571786857,0.4202816939751041,0.36696680314152486
Valero Energy,0.11202446018382531,0.25883508704744923,0.30357504489134957,0.6038678029445025,0.4118268686843789
Ventas,0.015013941802356516,0.18821491584210864,0.06566813258770261,0.39390341378261157,0.05092436473510624
Veralto,0.29051361808669357,0.07925035175330528,0.6716199808537512,0.2024983445202305,3.597263545210422
Verisign,0.08238935811069849,0.14608620389674337,0.19290186270333823,0.31529342593317716,0.5268132053432629
Verisk,0.08627941557865584,0.1204846931746822,0.19451542231359611,0.2637164333523421,0.6710412473890872
Verizon,0.01962924496641226,0.1081108265010896,0.05132844071093529,0.2231291918427446,0.13134695799262525
Vertex Pharmaceuticals,0.12217814762523171,0.27651928660275266,0.33572507450533867,0.697300581876456,0.4222089977164141
Viatris,6.332154449156434e-05,0.19571423051760953,0.03841986839903807,0.3989289359476663,-0.027416990684544448
Vici Properties,0.04628907228595868,0.1692639330278749,0.12335226533371607,0.3931098762214863,0.24139729460146778
Visa Inc.,0.10213465708070482,0.11432303109782171,0.22776685948819836,0.24961607789281454,0.8458963987626618
Vistra,0.1428494783179809,0.3282640358259375,0.41380341992313424,1.047164471306379,0.41862722242110784
Vulcan Materials Company,0.07704081944757599,0.18454341321726409,0.19406356136907188,0.40274790700262453,0.3880474595093869
W. R. Berkley Corporation,0.07872409358324507,0.12046404281118914,0.1781531494096478,0.2597560861494943,0.6084377968179192
W. W. Grainger,0.0957466486449467,0.17745766264251145,0.23214302911847426,0.40682300735043825,0.5089519974545453
Wabtec,0.08807177986399539,0.17744534000277343,0.21537813713390613,0.3790809625805725,0.46573532493599473
Walgreens Boots Alliance,-0.0026815035834277636,0.20220820450087137,0.035520771324906115,0.4249751491657062,-0.04011073825057608
Walmart,0.0513492500629709,0.10988782093536191,0.11740716189546281,0.2303944127740783,0.4178810071277715
Walt Disney Company (The),0.057709276375934745,0.17822957335324668,0.15050570553002407,0.38360073185527654,0.29332988130365595
Warner Bros. Discovery,0.008505420044282985,0.2833209145674967,0.09733120904154934,0.7986521862789483,0.010857663895209821
Waste Management,0.07230686619908074,0.10697773941492798,0.16128301370410228,0.23007007100350094,0.6251548199224968
Waters Corporation,0.06950429271160459,0.15349670850030608,0.16739400463156937,0.33734088380972255,0.4174361558511932
WEC Energy Group,0.04694638953990658,0.09637606213561349,0.10538245964232892,0.2018434556920617,0.43078303720337674
Wells Fargo,0.04427518423602929,0.20564512963037462,0.13278861316463678,0.4695407166276962,0.18889806690985173
Welltower,0.04377285812696415,0.16716683585652156,0.11739862297297972,0.33417075894795584,0.2293734947549564
West Pharmaceutical Services,0.12907378488197851,0.2153447535451592,0.3211678525263382,0.5145323691069191,0.5741703295159396
Western Digital,0.06482191705452474,0.30652190592183376,0.2277748076360415,0.6959833575618033,0.19376331390241597
Weyerhaeuser,0.017060997080180485,0.21864185372587702,0.08220380502707053,0.43850260222366166,0.053200154053478804
Williams Companies,0.05923668495570511,0.2415191604474799,0.18029735381703874,0.5359770415753884,0.22278757543122665
Willis Towers Watson,0.049027590604197466,0.11378873401678943,0.11340309803607028,0.24560709699544495,0.3831519368019238
Wynn Resorts,0.053781274637721185,0.30521696243372387,0.203586008607783,0.6832250684494141,0.1584186457815067
Xcel Energy,0.03892563813829654,0.0928307256559495,0.08798158673952373,0.19168144779370944,0.36083334609508255
Xylem Inc.,0.08320985340151854,0.17757649734567788,0.20486677738817546,0.39285487271392155,0.438011999249438
Yum! Brands,0.06612175312248615,0.12487716853817177,0.1522054870524738,0.2633848072142376,0.4860178770349709
Zebra Technologies,0.11728570145793135,0.25438358197847155,0.31302003448156046,0.5812243735998486,0.43971581738310495
Zimmer Biomet,0.037857448902980775,0.14828738887062545,0.09913101177121163,0.3113579189109265,0.21868503026813293
Zoetis,0.09038206361059212,0.14765416608839646,0.2107268953581082,0.3240741694191605,0.5753501515176183
