Stock,VaR@90%,VaR@95%,VaR@99%
S&P 500,-1715.0930218646695,-2330.2995009782176,-3669.8551661915226
3M,-3068.552956969238,-4045.066254495622,-5850.476764239575
A. O. Smith,-3924.1945826234632,-5004.288848773885,-7138.741025224585
Abbott,-2236.497314934229,-3063.300330824172,-4693.685583394247
AbbVie,-3679.3107675388683,-4764.399887403839,-6833.208735069236
Accenture,-2707.465612806207,-3731.7584011743666,-5502.329333567311
Adobe Inc.,-5195.895188731204,-6559.997535500888,-8949.886129313709
Advanced Micro Devices,-12484.468857503303,-15351.91071606971,-19409.208900138347
AES Corporation,-4867.129724431677,-6343.899831137114,-8875.920952403656
Aflac,-3540.0855910962,-4678.72586585814,-6454.098562643044
Agilent Technologies,-4037.13210313743,-5328.72635340217,-7461.211166521879
Air Products and Chemicals,-3047.356094205553,-4034.6076147724752,-5739.728458117743
Airbnb,-5621.492531354989,-7088.3426677518,-9367.012417277501
Akamai,-5845.43932640075,-7442.128230244152,-10166.842303774492
Albemarle Corporation,-7065.44525178054,-8899.597930196756,-11816.456514362415
Alexandria Real Estate Equities,-3055.4517095638316,-3990.9350511628786,-5914.65504012366
Align Technology,-8740.416011980751,-10886.75493764486,-13930.366173469829
Allegion,-3093.052250508134,-4004.6319091353207,-5685.905140361143
Alliant Energy,-1865.4966804284913,-2577.7378337300497,-3737.7759485254123
Allstate,-3593.2241154080634,-4683.2434266780265,-6685.167307224967
Alphabet Inc. (Class A),-3660.3338463452556,-4797.138375506752,-7005.837166991199
Alphabet Inc. (Class C),-4046.543388771379,-5229.403346697223,-7170.0360498569835
Altria,-2621.3728902291505,-3549.539475136679,-5227.089245353327
Amazon,-5573.9564800162625,-7181.5709971944825,-9913.560412377221
Amcor,-2804.1494165644635,-3719.9283024950864,-5338.89271261847
Ameren,-1810.8264300728042,-2485.4585092304296,-3933.0834355095253
American Airlines Group,-9229.66552833367,-11194.060962554435,-14497.533248168658
American Electric Power,-1957.8654376042894,-2654.5485402806876,-3960.4821759595716
American Express,-4052.9483247533262,-5212.142386225359,-7026.30316154696
American International Group,-5439.690320740379,-6967.6238487861965,-9528.666896730405
American Tower,-2874.562719957769,-3858.782475215611,-5577.609972706904
American Water Works,-2549.906226674337,-3321.1275423783113,-4729.003676344233
Ameriprise Financial,-4993.942665188723,-6364.383291200595,-8615.482747273798
Ametek,-3271.879446854173,-4337.366725916417,-6014.9320422749715
Amgen,-2645.4336053786815,-3616.938999101535,-5260.437306297998
Amphenol,-3289.335490914057,-4264.115806866226,-6237.905214135017
Analog Devices,-3030.840974630406,-3922.7278435880976,-5818.714005097252
Ansys,-3776.213294330271,-4960.156633723801,-6825.364894607709
Aon,-2695.681682229016,-3560.0843568443497,-5106.510010278617
APA Corporation,-7731.659635731998,-9590.640682927686,-12635.656017313167
Apple Inc.,-4905.20733347019,-6219.133066337498,-8435.603154798237
Applied Materials,-7018.4899065387,-8617.865011772148,-11739.61894769832
Aptiv,-6121.67510838976,-7656.473076540243,-10495.483437059438
Arch Capital Group,-3369.1717337486552,-4477.755647116247,-6407.998278275221
Archer-Daniels-Midland,-3900.368598663551,-5080.627608163873,-7157.768036343508
Arista Networks,-6720.852945227778,-8196.84199371002,-11372.412984725586
Arthur J. Gallagher & Co.,-2135.7134730083,-2909.1579956592946,-4149.089003914891
Assurant,-3765.108919107891,-4959.110965823268,-7161.891400707171
AT&T,-2618.974385883175,-3526.3967174143245,-4837.175519333536
Atmos Energy,-1925.9799404994565,-2686.0818304257305,-3807.156865303679
Autodesk,-4929.170647219715,-6175.233573578968,-8677.179989498876
Automatic Data Processing,-2266.4373733583307,-3147.614684614473,-4710.251059749814
AutoZone,-3363.641039013326,-4529.986899815593,-6517.738395714499
AvalonBay Communities,-2991.361282533466,-4003.772795703076,-5668.690954978746
Avery Dennison,-4107.919502789912,-5468.665375589757,-7646.103671249076
Axon Enterprise,-10442.542373813578,-12638.450996565212,-16824.231789858928
Baker Hughes,-6339.740737214787,-7912.552263122174,-10803.487479108497
Ball Corporation,-3723.025521936596,-4795.934154252201,-6986.484478909423
Bank of America,-5975.68674574933,-7540.913012747645,-10271.185314076962
Bank of New York Mellon,-3959.2322115325205,-5028.495564896884,-6977.936466350601
"Bath & Body Works, Inc.",-9918.188609227092,-12042.09438198356,-15537.394458561794
Baxter International,-3365.7736468752164,-4358.213293056435,-6367.572405427936
Becton Dickinson,-1923.446077387645,-2650.2698126171626,-3947.421631896986
Berkshire Hathaway,-2258.772181664188,-3055.7672400341116,-4549.124962604353
Best Buy,-7253.033327598464,-9111.021480996978,-11734.030257599276
Bio-Rad,-4360.812491630723,-5574.9301577683855,-7721.181360593135
Bio-Techne,-4136.1822931606,-5215.788157088492,-7363.870636998226
Biogen,-5796.319958161094,-7230.399835483991,-9647.285500666116
BlackRock,-4168.624934740271,-5491.8811477539775,-7639.138968251376
Blackstone,-6192.136128564366,-7625.870456043522,-10274.267721960237
Boeing,-5832.468729062195,-7264.575009291748,-9921.750966884634
Booking Holdings,-5591.4601734939415,-7209.798196497831,-9663.56987359715
BorgWarner,-5709.923527194613,-7009.5705283854595,-9348.94932646658
Boston Scientific,-4726.764932251136,-5986.002113827627,-8720.7307056119
Bristol Myers Squibb,-3384.6784608206985,-4530.9646604291665,-6439.98442102748
Broadcom Inc.,-5045.0431646965535,-6506.981287961298,-9092.886898510975
Broadridge Financial Solutions,-3404.737851956827,-4530.652106790411,-6560.192086851795
Brown & Brown,-2800.5901834565284,-3739.880957724674,-5333.741285825576
Brown–Forman,,,
Builders FirstSource,-2910.538838785447,-3876.653297317605,-5575.65932157515
Bunge Global SA,-4896.667026801161,-6305.154376461551,-8569.851643449498
"BXP, Inc.",-3529.7651083252763,-4618.072787797885,-6334.532956637311
Cadence Design Systems,-3922.0798928377353,-5016.898651918717,-7229.576477109196
Caesars Entertainment,-13474.357577346504,-15900.336791332453,-19456.956017920013
Camden Property Trust,-3305.4568226807555,-4440.2561181552355,-6303.163535438152
Campbell Soup Company,-2787.2554190706287,-3759.665233614298,-5313.363321496667
Capital One,-5770.721196736327,-7313.468831869718,-9848.956127003565
Cardinal Health,-3538.5512861820644,-4638.162865813827,-6674.662017969694
CarMax,-5582.243014161202,-7089.414787494361,-9756.028998405973
Carnival,-6852.974660031663,-8572.006533932023,-11462.992337086085
Carrier Global,-8191.64532661484,-10082.87587079285,-13415.42573389849
Catalent,-6609.211700896606,-8261.001681365866,-10880.381826375724
Caterpillar Inc.,-5191.57410771733,-6597.154344922953,-8935.746591833757
Cboe Global Markets,-3844.7242215747992,-5053.988636581558,-6991.441763900341
CBRE Group,-5365.764444662848,-6989.164046756167,-9179.510840005027
CDW,-3386.6329097805014,-4532.569327052822,-6454.367777243245
Celanese,-4718.404730270005,-6160.84784153053,-8567.302304786597
Cencora,-3204.814473735217,-4261.373980406309,-5829.813811402219
Centene Corporation,-5463.685775689558,-6887.862731180548,-9443.564677956207
CenterPoint Energy,-3170.8452029679584,-4205.051104329935,-5778.492207290316
CF Industries,-7181.0533601718125,-9094.563732058308,-12164.386804712221
CH Robinson,-3227.047503308668,-4265.304475920185,-6210.736543719993
Charles River Laboratories,-5041.667271930844,-6427.387577947156,-8581.505388960506
Charles Schwab Corporation,-5872.337202538799,-7375.713821301291,-9908.346876360922
Charter Communications,-5333.057490805108,-6875.845651236476,-9403.369585836996
Chevron Corporation,-3726.9505834661477,-4871.533969221586,-6854.351132395523
Chipotle Mexican Grill,-6960.837646501009,-8665.938619726841,-11732.799474965497
Chubb Limited,-2410.5020715950905,-3179.720641904464,-4787.208382526974
Church & Dwight,-2599.945613215392,-3562.394373597529,-5377.878204640656
Cigna,-3987.681560369658,-5157.657672005911,-7448.602305133353
Cincinnati Financial,-3960.0714550090775,-5122.8010190724035,-7075.27091606336
Cintas,-3259.152835161442,-4275.2973612793885,-5979.553317350964
Cisco,-3566.8675839587604,-4636.133392326827,-6329.82048758495
Citigroup,-5140.923450192588,-6458.399259775533,-9382.521875626628
Citizens Financial Group,-6737.001388846496,-8339.764670536819,-11086.948834963892
Clorox,-2731.0604445877557,-3532.0233077428975,-5169.2014333384095
CME Group,-3158.986577719505,-4206.852452848607,-5861.049026492789
CMS Energy,-1998.4827915847782,-2680.944933985071,-4056.32017243967
Coca-Cola Company (The),-1489.078297342156,-2204.2194404837487,-3339.8562446982637
Cognizant,-4177.621273207989,-5269.083019461155,-7520.007149422717
Colgate-Palmolive,-1524.4343174532569,-2151.0961678380554,-3264.215205549815
Comcast,-3411.6166980265048,-4552.994370731611,-6523.859761415979
Conagra Brands,-3154.890090303319,-4219.575214367507,-5990.384892771661
ConocoPhillips,-5508.957668477886,-6867.864703693883,-9316.347995523807
Consolidated Edison,-1879.1646591928888,-2611.4337730917778,-3958.991878212468
Constellation Brands,-4515.163093404484,-5853.528398430097,-8194.560282233875
Constellation Energy,-7274.989325992293,-9102.672074802285,-12425.900058732457
Cooper Companies (The),-4028.2311017325155,-5232.6082365065695,-7083.580776883775
Copart,-4591.605034106632,-5872.940319503269,-8225.234174401849
Corning Inc.,-4638.620554734968,-6071.1545851940455,-8268.124544980663
Corpay,-5439.383747775037,-6875.617592562719,-9684.673678932995
Corteva,-5179.7370945030025,-6483.686614067125,-9188.060484168238
CoStar Group,-5288.667330974829,-6717.050754691175,-9301.519836159527
Costco,-2730.0888968960103,-3602.611509015474,-5213.153444778789
Coterra,-6333.025706030665,-7903.268322108876,-10745.772134512365
CrowdStrike,-13164.365968133343,-15327.316498565076,-19105.522949246406
Crown Castle,-2866.2903028091077,-3777.1926307234808,-5170.527680398148
CSX,-4302.655229737492,-5639.98769249409,-7825.013765859128
Cummins,-4435.582826992711,-5777.677347436778,-7810.335281739318
CVS Health,-3734.0889511031337,-4870.903122766761,-6625.425445913037
Danaher Corporation,-3011.277412828989,-4044.618791056796,-5853.642408288051
Darden Restaurants,-4611.277884010326,-5914.620077900628,-8025.061782775943
DaVita Inc.,-4398.438840624597,-5829.386244165082,-7970.385147522706
Dayforce,-6365.903601778515,-8182.909534192989,-11161.564335971172
Deckers Brands,-7664.757621374249,-9437.54921443886,-12714.958741166769
Deere & Company,-5201.505726268519,-6575.554468126054,-9178.07117738548
Delta Air Lines,-6943.84652072548,-8665.760881061313,-11317.023941634498
Devon Energy,-9612.910374072631,-11794.275401498422,-15266.977186715481
Dexcom,-9314.935041465846,-11454.657615171556,-14806.743272621921
Diamondback Energy,-9996.152524450352,-11923.438480633678,-15221.564461010488
Digital Realty,-3517.7276094819363,-4678.725177936292,-6470.729959348364
Discover Financial,-6046.8650565024855,-7587.748824470179,-10188.231867632932
Dollar General,-4010.06014244501,-5272.876518005814,-7423.840283693886
Dollar Tree,-5196.866932629922,-6573.208504591712,-8803.49430046012
Dominion Energy,-2186.502014530333,-3024.7369957840197,-4403.713162446152
Domino's,-4961.961440043559,-6295.1052965271465,-8398.414150668885
Dover Corporation,-3867.632386819902,-4901.773867322623,-6846.908910346706
Dow Inc.,-5486.623928157667,-7016.493735451922,-9495.341185374233
DR Horton,-5455.849459481129,-6812.433052949058,-9459.801829483169
DTE Energy,-1953.5019375847742,-2752.979013058385,-4055.494772006691
Duke Energy,-1826.8754900732692,-2531.052558462981,-3765.6160175254145
DuPont,-4824.790767398371,-6266.585840226048,-8531.568991839076
Eastman Chemical Company,-4991.053123430757,-6418.52001017966,-8541.718997119102
Eaton Corporation,-4342.656588743509,-5616.07643688338,-8146.919152728823
eBay,-4591.403201722207,-5835.903721446975,-8089.499885229668
Ecolab,-2639.141486677177,-3567.121397705805,-5051.85512770865
Edison International,-2685.2443254770765,-3652.979081339652,-5092.1320317520285
Edwards Lifesciences,-5364.830865612745,-6788.087498291794,-8995.06690582321
Electronic Arts,-5724.1011980737985,-7268.060781106526,-9767.954267183284
Elevance Health,-3568.0975216717306,-4754.26372027657,-6604.534125175226
Emerson Electric,-3377.3829369026753,-4359.784020644032,-6420.529628812351
Enphase,-20201.30167541739,-22440.69455623141,-25848.552167963433
Entergy,-2562.214152382911,-3416.103016835616,-4815.836953930194
EOG Resources,-5978.597125730992,-7407.252517542815,-9909.624480618704
EPAM Systems,-6876.827768123505,-8661.57912836099,-11467.313371147668
EQT Corporation,-8772.907183065796,-10866.067266703969,-13953.020578447991
Equifax,-4091.144838990947,-5363.991917708398,-7436.281673861748
Equinix,-4221.480922853787,-5407.39475277255,-7411.363237572399
Equity Residential,-3532.5785574804218,-4572.184453267749,-6515.914765468764
Essex Property Trust,-3169.9097410544223,-4322.508737100638,-6143.914395123035
Estée Lauder Companies (The),-4727.558241208587,-6102.9171652645855,-8480.793277545574
Etsy,-13481.46986848141,-15761.914522820753,-19739.305877009294
Everest Re,-2606.54820734627,-3602.3080820460846,-5181.48493762078
Evergy,-2271.390633432673,-2994.6963428860554,-4407.322979994357
Eversource,-2241.7934690763414,-3015.6567503425877,-4464.904527163657
Exelon,-2998.2240278750655,-3888.9380175114507,-5478.795692578465
Expedia Group,-6997.475529195711,-8803.903720009783,-11409.954615633353
Expeditors International,-3030.680794736916,-4026.6424246001325,-5864.821293443234
Extra Space Storage,-3890.9934418443636,-5017.183146556749,-7095.073224368079
ExxonMobil,-4357.131059886302,-5613.29650616085,-7495.993023227191
"F5, Inc.",-6014.596453634783,-7550.298143874342,-9924.29560589694
FactSet,-3248.266334232388,-4198.995932185369,-5943.393297799507
Fair Isaac,-4736.330256102155,-6149.258810347107,-8532.526590703983
Fastenal,-3355.3729951007435,-4488.4137592031875,-6295.308451624057
Federal Realty,-3155.159342446042,-4145.597239044772,-6048.798677549984
FedEx,-6173.041499397003,-7776.553036060992,-10579.127847042275
Fidelity National Information Services,-3799.21010072836,-5013.0738024811,-7095.208329695782
Fifth Third Bank,-5768.416905045398,-7269.142916330823,-9954.345710257627
First Solar,-11089.007732338614,-13376.248348128884,-17384.252969976464
FirstEnergy,-2855.317634808417,-3769.2516931369373,-5495.366082427508
Fiserv,-2532.308786744692,-3391.203714436036,-4860.279441035171
FMC Corporation,-4990.753296638089,-6342.829615984358,-8989.381297442433
Ford Motor Company,-6352.023028533492,-7814.819904835533,-10374.606192735124
Fortinet,-7587.484167276805,-9564.720055897546,-12545.007845880518
Fortive,-3223.7442731193137,-4251.154562492934,-6189.082334997288
Fox Corporation (Class A),-4062.925917271818,-5252.694249215542,-7332.460188185129
Fox Corporation (Class B),-3771.0361470259886,-4827.371899768557,-6964.47118193182
Franklin Templeton,-4028.963633401403,-5207.9535734471265,-7229.255729392162
Freeport-McMoRan,-10332.41459414733,-12587.496080980854,-16324.117298592284
Garmin,-4497.493894442695,-5718.062555467541,-8213.629137858617
Gartner,-4439.409830269116,-5662.486462311472,-8228.345947973965
GE Aerospace,-7385.630074236287,-9115.108480455638,-12065.36574680728
GE HealthCare,-4840.929356423728,-6143.515438991236,-8525.590881371338
GE Vernova,,,
Gen Digital,-4369.284651395218,-5694.227957224382,-7664.669947927357
Generac,-8563.171706288209,-10592.394862493746,-13899.514468658645
General Dynamics,-3368.3024791786356,-4367.895638289395,-6046.392618586468
General Mills,-2377.9808842673474,-3131.823173277325,-4631.036590767018
General Motors,-6300.100044171532,-8068.448615099553,-10681.811457203454
Genuine Parts Company,-3068.4362634376557,-4019.347170481825,-5762.987169312839
Gilead Sciences,-4810.101634218281,-6038.254521765768,-8352.670380769223
Global Payments,-4175.351720126189,-5462.356778336527,-7778.925625510758
Globe Life,-3115.7657020559654,-4034.0839030575153,-5740.970101711673
GoDaddy,-4712.801597673053,-6089.552342500456,-8319.588439975392
Goldman Sachs,-5400.158342143269,-6642.5442444981845,-9028.83727090751
Halliburton,-7441.790337515849,-9277.671201181827,-12271.203733172022
Hartford (The),-4823.941454662895,-6184.158286431263,-8484.731779541493
Hasbro,-4408.338267306035,-5681.631458824947,-7927.166378111866
HCA Healthcare,-5170.387887487938,-6615.901571046247,-8911.872095915991
Healthpeak,-3363.5927414768835,-4571.357341713115,-6242.839801755188
Henry Schein,-2770.460329504472,-3719.3112275334083,-5207.224959320182
Hershey's,-2856.1447830414163,-3799.0273689640626,-5630.606064205635
Hess Corporation,-6401.151236773737,-8143.812810665555,-10891.459236925324
Hewlett Packard Enterprise,-5381.882538966038,-6877.695474377524,-9324.40932772885
Hilton Worldwide,-4316.108036330673,-5601.562745519236,-7750.676511790024
Hologic,-4072.2760617501517,-5315.9425983714755,-7477.042949408474
Home Depot (The),-3244.9795598353344,-4282.968224940932,-6057.164159567694
Honeywell,-3164.4766142413623,-4182.5404174302785,-5906.092672325135
Hormel Foods,-2969.978072531862,-4020.5701685813287,-5751.919493931543
Host Hotels & Resorts,-4144.955209887951,-5455.939523852004,-7730.010422863151
Howmet Aerospace,-7789.447542981234,-9436.503660732631,-12494.139306340001
HP Inc.,-5951.374921523371,-7670.771255558829,-10275.568208343397
Hubbell Incorporated,-3771.7655144181945,-4872.348790713548,-6738.378152957402
Humana,-4000.484600397747,-5108.650093158077,-7215.433939564994
Huntington Bancshares,-4840.563693691179,-6251.222807521867,-8418.697734360876
Huntington Ingalls Industries,-4786.2206826878255,-6212.759066529464,-8468.109510016371
IBM,-2725.5585963640465,-3605.6940241857615,-5321.170472143912
IDEX Corporation,-3213.5549053863565,-4221.778426116081,-6095.807808255579
Idexx Laboratories,-5076.987503176153,-6633.33518966354,-8913.916406816634
Illinois Tool Works,-2856.369662560728,-3809.1316212146735,-5377.4241029783825
Incyte,-8176.821176394172,-10106.81838781207,-13689.199395297444
Ingersoll Rand,-5717.5544143776915,-7314.414027393053,-10193.006904795106
Insulet Corporation,-6499.08680923395,-8202.53042609476,-10963.898583536675
Intel,-4447.172744412379,-5798.258838310631,-8410.64388057816
Intercontinental Exchange,-2462.386354642201,-3409.845256294766,-5023.640632818088
International Flavors & Fragrances,-3384.672318291374,-4490.621167898007,-6368.432822275653
International Paper,-4367.769775107163,-5660.27880054835,-7690.655747201735
Interpublic Group of Companies (The),-4768.932195904749,-6143.956343984271,-8623.579996409802
Intuit,-3649.867703584388,-4911.957110303336,-6737.985164878223
Intuitive Surgical,-4930.009853674903,-6399.393321115816,-8431.742743918086
Invesco,-7478.076073578213,-9318.44858327783,-12439.432781169391
Invitation Homes,-3413.3701443817213,-4460.594983229237,-6448.489805346723
IQVIA,-3499.594048465876,-4508.78762196766,-6382.274805992105
Iron Mountain,-4499.71175218514,-5801.435908513654,-8165.425365801655
J.B. Hunt,-3471.995888134585,-4600.215993913203,-6164.98981254264
Jabil,-5869.488506317564,-7366.415962203348,-10219.97157593733
Jack Henry & Associates,-2389.5408203564625,-3205.8074276872085,-4558.109319709798
Jacobs Solutions,-4118.620817384523,-5420.422345191655,-7730.941674207988
Johnson & Johnson,-1522.2153358949558,-2195.0668192964945,-3416.6987022752796
Johnson Controls,-4543.340993202586,-5895.364734909075,-7981.839198939643
JPMorgan Chase,-4165.1836139356055,-5443.656557041927,-7807.016169256358
Juniper Networks,-4767.5097549067095,-6071.873161571733,-8171.5971758466185
Kellanova,-2110.1466234615627,-2837.20802117561,-4258.090513145078
Kenvue,-1912.7645700405722,-2590.407983768406,-4042.8772619525207
Keurig Dr Pepper,-4848.369474898792,-6209.03747876653,-8739.938819496496
KeyCorp,-5721.35541598437,-7385.7028467977525,-9922.318575818728
Keysight,-4600.75943967918,-5960.296995614349,-8254.308089130944
Kimberly-Clark,-1828.9873629215922,-2549.0861963691586,-3773.1105932338455
Kimco Realty,-4818.034724575411,-6187.269344097246,-8444.083448462636
Kinder Morgan,-4398.684989916053,-5652.210734987383,-7986.405324320931
KKR,-6166.905341310054,-7833.34519451423,-10423.895156848092
KLA Corporation,-4900.323671005003,-6184.435479207475,-8459.290057007789
Kraft Heinz,-3982.144577928328,-5096.905728200885,-7115.299678675656
Kroger,-4191.938166065302,-5584.8830952643075,-7665.365920843365
L3Harris,-3481.712905740155,-4524.445494264698,-6531.323422680494
LabCorp,-2854.7417354723993,-3786.3462173478374,-5350.077573835923
Lam Research,-5804.090823437144,-7443.113412345535,-9892.8868693885
Lamb Weston,-5207.2619816423085,-6628.38211193855,-9050.245885928865
Las Vegas Sands,-6798.049793184747,-8563.266113513577,-11175.289986374195
Leidos,-4226.2684282166665,-5457.6324592075125,-7535.2070855604115
Lennar,-6008.651432866819,-7405.811868018197,-10107.063323054552
Lilly (Eli),-3771.566473492547,-4876.011281738162,-7161.791330964283
Linde plc,-2140.9794766622003,-3009.287380690186,-4489.306278160677
Live Nation Entertainment,-5738.096104135221,-7281.777617015485,-10062.139817349567
LKQ Corporation,-4358.105572059122,-5679.959543785018,-8054.859668731458
Lockheed Martin,-2717.3157690491303,-3611.0064880569075,-5252.963188422957
Loews Corporation,-2958.8087454551696,-3909.001945198211,-5741.093106886637
Lowe's,-4460.284705699433,-5601.774855356322,-7797.476197025747
Lululemon Athletica,-7787.087126907452,-9763.54552223473,-12717.465085450003
LyondellBasell,-6225.466790394071,-7912.7612584509125,-10449.482150505277
M&T Bank,-3892.2528701361925,-5135.313595868886,-7162.086278241256
Marathon Oil,-9738.488802013526,-11819.863260301108,-15220.836449093162
Marathon Petroleum,-6522.388060220259,-8040.172207569724,-10963.689484269982
MarketAxess,-6033.266979431777,-7523.756078769735,-9949.408167992658
Marriott International,-4748.07469111772,-5940.8892354433665,-8041.320819022034
Marsh McLennan,-1881.3111333076674,-2590.772757729731,-4093.110900842321
Martin Marietta Materials,-4675.793460184092,-5973.189194314521,-8256.299680676417
Masco,-4920.453437930861,-6142.465652408131,-8514.86442339298
Mastercard,-2915.4073610626656,-3831.1168190377034,-5549.246797136205
Match Group,-7712.896466896275,-9771.293164415534,-12620.056750884893
McCormick & Company,-2759.656219169027,-3782.78071107504,-5351.6675708065995
McDonald's,-2127.8243870847114,-2946.053595251874,-4347.722424628372
McKesson Corporation,-3971.169541358051,-5216.987617458086,-7236.937094491192
Medtronic,-2980.3896032196003,-3944.7176458478625,-5791.236089983447
Merck & Co.,-2265.29461247935,-3004.502617509151,-4631.4948148626345
Meta Platforms,-8494.540742022906,-10520.951457262323,-14050.627540325544
MetLife,-4183.9211132586015,-5371.002348351393,-7749.753405475837
Mettler Toledo,-4319.925655361873,-5457.814930513522,-7438.047276716058
MGM Resorts,-7181.1875829890905,-8735.962957994594,-11799.734177282446
Microchip Technology,-3958.0655964886873,-5176.125370677081,-7223.361049382227
Micron Technology,-9343.867317583701,-11400.68238636349,-14640.846057260365
Microsoft,-3013.0421614504435,-3958.5188713616035,-5751.539119382087
Mid-America Apartment Communities,-3194.28203452017,-4245.106510485791,-6019.675773719526
Moderna,-19684.70080045344,-22092.81675242484,-25415.736592509133
Mohawk Industries,-6801.578199901649,-8568.599333270102,-11254.652174196051
Molina Healthcare,-6349.871639325087,-7886.35028444866,-10852.853834680456
Molson Coors Beverage Company,-3730.039351146051,-4862.731984095464,-7006.396573939279
Mondelez International,-2269.9020159742536,-3060.8933589058697,-4553.722296000023
Monolithic Power Systems,-5430.340765814565,-6917.003380617444,-9573.648892397507
Monster Beverage,-4853.235095485911,-6301.807684147105,-8602.15698798237
Moody's Corporation,-3810.5956378367355,-4923.681716833289,-6996.395411023895
Morgan Stanley,-5660.520050899397,-7310.2235866834935,-9798.563891541511
Mosaic Company (The),-7511.814017034966,-9404.063074552776,-12486.922256153313
Motorola Solutions,-3220.4109066840483,-4296.313673747486,-5763.397727020975
MSCI,-4143.4759073870855,-5418.673619760958,-7431.735498137975
"Nasdaq, Inc.",-3337.7991560276673,-4423.653977907408,-6120.09271877405
NetApp,-6251.942772838099,-7976.112517214313,-10734.31859462747
Netflix,-12382.67648898218,-14610.51290165618,-18392.126877194343
Newmont,-6638.130265004207,-8239.397665476401,-11343.114127659559
News Corp (Class A),-5486.440249265122,-6893.085301103686,-9388.365147774724
News Corp (Class B),-5118.835661951189,-6592.656463272803,-8953.457488511445
NextEra Energy,-2412.174473317276,-3307.4034689807427,-4730.7443008207665
"Nike, Inc.",-4023.347343926488,-5281.34968482156,-7367.801457206435
NiSource,-2392.853452341705,-3179.077339157365,-4582.8788003068275
Nordson Corporation,-3897.894163808455,-4949.806672790783,-6927.709516858024
Norfolk Southern Railway,-3496.3619548792435,-4540.184141890283,-6352.507958701691
Northern Trust,-3496.749431930103,-4574.245554159803,-6448.3167611245835
Northrop Grumman,-3316.252645646432,-4286.755867393005,-6319.16102228879
Norwegian Cruise Line Holdings,-7510.585821042182,-9336.93879571788,-12463.074147714977
NRG Energy,-6585.752673842811,-8194.485818668998,-11273.014502606411
Nucor,-5553.831267265806,-7178.978856517702,-9752.147940132912
Nvidia,-11566.777118049697,-13693.845606418237,-17356.0616832692
"NVR, Inc.",-4453.658669651061,-5737.214065275132,-8025.427429286518
NXP Semiconductors,-7994.015528491867,-9690.790558946503,-12724.523783410094
O'Reilly Auto Parts,-3338.0573888788267,-4429.233737498827,-6351.554893847189
Occidental Petroleum,-8504.215683476537,-10388.152938462263,-13389.34724897566
Old Dominion,-4217.823731037126,-5498.868600008952,-7418.4416713836
Omnicom Group,-3890.0835328175954,-5135.163708227656,-7194.23986811265
ON Semiconductor,-7286.98063870807,-9059.17291054948,-12141.596471632462
ONEOK,-6890.60964162826,-8692.722928673747,-11672.162825530657
Oracle Corporation,-3470.051062022316,-4498.629497802772,-6376.019773105173
Otis Worldwide,-3385.0317481243433,-4543.841022617511,-6333.403833367654
Paccar,-3325.606817958318,-4398.150043054585,-6374.971291795294
Packaging Corporation of America,-4214.2780192479095,-5336.481956440305,-7354.422821090819
Palo Alto Networks,-6262.765968835095,-8008.682164752125,-10631.707706313198
Paramount Global,-7953.905525380269,-10057.610694410972,-13190.55100839185
Parker Hannifin,-4548.610152784398,-5825.975834018824,-7982.109015041414
Paychex,-2726.0514472808723,-3631.5557545411316,-5189.039298705639
Paycom,-8432.399484811303,-10457.562284290503,-13726.308410629132
PayPal,-7279.69209573093,-9406.021815147556,-12611.01248025156
Pentair,-4593.410020000249,-5930.562217266483,-8132.208023371802
PepsiCo,-1360.1349630927903,-1912.9033456556995,-3004.44275406084
Pfizer,-3117.92717215318,-3979.217588096524,-5875.346206785333
PG&E Corporation,-5678.980211104617,-7242.625244409272,-9923.974689077513
Philip Morris International,-2784.3237854043145,-3732.747377212279,-5370.487352786584
Phillips 66,-5270.494905092714,-6897.325812182021,-9332.643313543642
Pinnacle West,-2120.6129381537203,-3031.2541722066335,-4601.217536584961
PNC Financial Services,-4437.907723030084,-5617.776645617532,-7786.007325656796
Pool Corporation,-3965.0411306161322,-5076.855252358418,-7125.109587439522
PPG Industries,-3737.514377795897,-4811.7914609206155,-7051.08952686533
PPL Corporation,-2207.648960718261,-2984.8045653315244,-4329.700180604707
Principal Financial Group,-4637.926654609027,-6020.094005605236,-8534.831989934946
Procter & Gamble,-2052.3772203999274,-2796.5414410993717,-4260.0848910004
Progressive Corporation,-2737.4754708531755,-3635.9200589743414,-5376.2086108308395
Prologis,-3560.026185757057,-4618.422359911848,-6480.144863835481
Prudential Financial,-4594.149501412471,-5738.466665655996,-8041.480099745152
Public Service Enterprise Group,-1894.9847166285315,-2602.149713909678,-3772.564152400026
PTC,-5206.371022925765,-6576.083931767076,-8937.691637410684
Public Storage,-2813.6505609161354,-3643.4541466431565,-5352.979273790438
PulteGroup,-7927.504563410948,-9679.990189800084,-12761.893191602774
Qorvo,-6085.2114544388705,-7572.661308727194,-10339.077226688549
Quanta Services,-5438.992956703016,-7119.9465224814185,-9719.301630226371
Qualcomm,-5385.708299782222,-6903.716181793283,-9655.133510772797
Quest Diagnostics,-2864.252322323378,-3839.71772739869,-5503.291148526093
Ralph Lauren Corporation,-5572.843760130022,-7135.306927139693,-9725.050964250722
Raymond James,-4606.980315560905,-5803.8885895495805,-8371.594554696576
RTX Corporation,-3365.804222278135,-4364.132791391866,-6084.058436716281
Realty Income,-2980.85854872899,-3900.0047717150374,-5698.625151754777
Regency Centers,-3794.836079069249,-4942.319582966276,-6955.624394759498
Regeneron,-8134.0630270282145,-10161.941844507874,-13091.336802024736
Regions Financial Corporation,-6605.413303253148,-8238.68591942143,-11020.657176620529
Republic Services,-2084.3327959131284,-2809.9656855091707,-4241.426758876984
ResMed,-4067.4929387854036,-5301.921807041912,-7161.2705029479275
Revvity,-4257.596397417932,-5271.636971420477,-7607.36493463111
Rockwell Automation,-4529.0634002119505,-5811.146950683672,-7905.959707113553
"Rollins, Inc.",-3138.4813275644874,-4055.4917143556336,-5853.169956288002
Roper Technologies,-2413.986881912875,-3323.0137091000056,-4772.357695573209
Ross Stores,-4377.807458403186,-5748.855341357393,-8182.3127666505125
Royal Caribbean Group,-8110.0925146216,-9945.176500169444,-13163.5876982143
S&P Global,-3406.039644849654,-4521.750094135061,-6290.606770016484
Salesforce,-5180.4224713225185,-6458.5737892476,-8773.9709506078
SBA Communications,-3876.7694957455797,-4957.464264070835,-6924.223686112248
Schlumberger,-6028.380755447076,-7582.923019314019,-10291.737996040003
Seagate Technology,-8562.41949405407,-10640.86587371222,-14113.965099015955
Sempra Energy,-2186.7886159595732,-3006.154310664648,-4522.934232848814
ServiceNow,-5630.8183344234385,-6926.178862148077,-9558.771779757899
Sherwin-Williams,-3680.8892451900338,-4728.374294862885,-6832.622260602127
Simon Property Group,-5337.944557735306,-6784.297038135985,-9335.388419111077
Skyworks Solutions,-7507.692833843197,-9561.835831749437,-12205.892800559726
J.M. Smucker Company (The),-2445.193285484796,-3267.4638481401234,-4627.961654719868
Smurfit WestRock,,,
Snap-on,-3581.6123364161112,-4576.082126627575,-6471.0181703271755
Solventum,,,
Southern Company,-1863.6774841592742,-2578.653902618045,-3805.0768405788945
Southwest Airlines,-6294.990701572852,-8095.935845190225,-10688.594995337702
Stanley Black & Decker,-4487.387268279059,-5781.271484486606,-8167.6653199127095
Starbucks,-4283.242384635204,-5661.34511363368,-7961.5853094395725
State Street Corporation,-4652.427620032786,-5889.95399522533,-8365.184956920195
Steel Dynamics,-6464.391054597958,-8033.849764009118,-10638.251206625822
Steris,-2799.5101101328714,-3697.694563406821,-5467.279467189115
Stryker Corporation,-3176.4485386355027,-4111.913929136482,-5938.787776332891
Supermicro,-14426.95299600389,-17276.183190728818,-20836.39540521178
Synchrony Financial,-6581.839565893403,-8382.46521728419,-11350.95928656902
Synopsys,-3345.115408344268,-4455.470416638827,-6200.951245351261
Sysco,-3044.5520931377587,-4132.386471034209,-5946.437771670417
T-Mobile US,-5345.862661080614,-6640.26989842264,-9453.836144510436
T. Rowe Price,-4182.477628438128,-5378.026414465603,-7509.1650563148605
Take-Two Interactive,-6131.195399149847,-7718.9731156569505,-10449.456579408992
"Tapestry, Inc.",-8754.857256652323,-10758.0128446028,-14358.693044376012
Targa Resources,-9167.689957630822,-10956.996952981539,-14467.706296777547
Target Corporation,-4911.1848931542945,-6279.389729065052,-8623.141379832647
TE Connectivity,-3894.8409670596075,-5097.951749309504,-7294.269926653754
Teledyne Technologies,-3274.447550753007,-4250.665831053564,-6021.814571894917
Teleflex,-3444.5014653371513,-4607.2139293691525,-6690.5711348073555
Teradyne,-6003.320646003466,-7533.363077606036,-10029.055528223957
"Tesla, Inc.",-17819.46472812524,-20407.16483634546,-24404.67546063243
Texas Instruments,-3497.5883694315244,-4567.9895759388155,-6549.6006544881175
Textron,-5617.322246594059,-7180.7196497869945,-9733.121882956784
Thermo Fisher Scientific,-3290.264270716571,-4302.751223295283,-6184.423230854975
TJX Companies,-3155.6728069927385,-4162.292361194314,-5813.689048324655
Tractor Supply,-5181.4486905876165,-6655.6829274226875,-8957.747140634176
Trane Technologies,-4633.376750453635,-5881.329355735963,-8408.604801495097
TransDigm Group,-4225.6064509302505,-5498.242107177862,-7551.784619422227
Travelers Companies (The),-2718.5291534019893,-3610.195113316501,-5124.105494213711
Trimble Inc.,-5572.039036715105,-7145.890677340264,-9872.491928037816
Truist,-4561.593979952611,-5858.240600144773,-8245.170993847352
Tyler Technologies,-4774.413156595304,-6156.180687455785,-8313.356938823452
Tyson Foods,-5068.503078835181,-6508.4550875712275,-8985.203765167898
U.S. Bank,-3807.7351691702174,-4914.024358062103,-6785.492407969802
Uber,-9269.079351221002,-11284.55406808115,-14776.393154859394
"UDR, Inc.",-3087.085757104551,-4124.784239066039,-5936.107539164998
Ulta Beauty,-6108.1424603021105,-7584.715060330711,-10403.989343621854
Union Pacific Corporation,-3030.7919638886156,-4136.940438467613,-5911.95873294985
United Airlines Holdings,-6950.4217812476345,-8790.69300398865,-11621.662147267913
United Parcel Service,-3646.303294593151,-4754.160029033678,-6800.303706800058
United Rentals,-10185.804403555334,-12479.2709914342,-15458.102428613794
UnitedHealth Group,-2725.869454629699,-3677.2526066063015,-5249.336798200238
Universal Health Services,-4857.36584849704,-6099.804268622244,-8419.663076824887
Valero Energy,-6597.9897576706935,-8126.28739228325,-10669.121720643338
Ventas,-4678.420729855085,-5955.639575806466,-8125.081974998707
Veralto,-1514.0026737957426,-2077.097286594938,-3302.409294666277
Verisign,-3393.66494391632,-4462.614221206793,-6203.837225352625
Verisk,-2676.6215202044327,-3559.3543550506215,-5165.366640679372
Verizon,-2309.8876033441416,-3256.6967994276047,-4678.605311955476
Vertex Pharmaceuticals,-6811.174671343904,-8358.854424940095,-11009.267820562762
Viatris,-4848.108812009696,-6206.554897115941,-8536.102833530716
Vici Properties,-3921.865798253778,-5187.833754018819,-7327.822810869361
Visa Inc.,-2534.953334551778,-3448.519722912476,-4871.837174767994
Vistra,-8648.153999133207,-10522.332794843549,-13723.301839891456
Vulcan Materials Company,-4264.2432959127555,-5583.552266184805,-7827.499548570825
W. R. Berkley Corporation,-2794.1044468259593,-3682.7475251782976,-5321.461312241774
W. W. Grainger,-4294.7953433475495,-5550.815556504714,-7565.586042227341
Wabtec,-4276.660558909689,-5464.040926911431,-7629.990273431666
Walgreens Boots Alliance,-4957.026617269082,-6332.681407472695,-8441.66578774267
Walmart,-2374.8797863344,-3326.1663689056277,-4762.700300201602
Walt Disney Company (The),-4377.273760457394,-5530.846462612975,-7700.289709328755
Warner Bros. Discovery,-7233.518808880572,-9234.631718223845,-12255.476307112423
Waste Management,-2371.3397881738406,-3152.7589796252596,-4562.130975600792
Waters Corporation,-3648.1944511689107,-4758.010385650035,-6806.864657165098
WEC Energy Group,-1987.6046689435016,-2783.0902096400537,-4081.9601065747993
Wells Fargo,-5072.890045435967,-6391.562436920902,-8664.503230946819
Welltower,-4085.5093481944623,-5217.320737401381,-7389.081197495528
West Pharmaceutical Services,-5321.540003308265,-6867.838306966437,-9406.132634277503
Western Digital,-7832.427992268914,-9874.91960608583,-12777.95513324707
Weyerhaeuser,-5360.770021609545,-6795.930765520742,-9434.11677537308
Williams Companies,-6083.7802207859595,-7689.661295641563,-10522.89511733412
Willis Towers Watson,-2430.2778361100063,-3363.846391453802,-4886.246368906641
Wynn Resorts,-8002.172592618563,-9687.76412002171,-12816.44784891549
Xcel Energy,-1899.8690346754406,-2616.3792304066037,-3900.1565799664936
Xylem Inc.,-4403.019264247085,-5761.456096806798,-7997.235691674503
Yum! Brands,-2793.1180644888564,-3813.119324765168,-5454.036745279834
Zebra Technologies,-6555.981299522136,-8186.73017537872,-10932.254201798827
Zimmer Biomet,-3523.5358366232185,-4556.522804081012,-6564.390065359091
Zoetis,-3397.638521098818,-4474.441557755547,-6626.93765516696
