,CurrentPrice,BestPrice,AvgPrice,LeastPrice,68%_Confidence_LowerLevel,68%_Confidence_UpperLevel,95%_Confidence_LowerLevel,95%_Confidence_UpperLevel
S&P 500,5222.68,19631.99,5623.27,1062.66,3397.47,7849.07,1171.67,10074.87
3M,98.93,742.8,112.71,14.17,50.4,175.03,-11.92,237.34
A. O. Smith,86.38,663.24,105.16,10.44,35.92,174.41,-33.33,243.65
Abbott,104.74,617.2,117.65,16.4,56.73,178.57,-4.19,239.49
AbbVie,160.75,1106.16,194.34,11.7,69.2,319.47,-55.94,444.61
Accenture,306.33,2640.1,349.35,44.93,140.91,557.78,-67.52,766.22
Adobe Inc.,482.29,6167.05,606.4,32.66,137.64,1075.16,-331.11,1543.92
Advanced Micro Devices,151.92,8778.71,327.18,2.35,-258.37,912.72,-843.92,1498.27
AES Corporation,19.94,260.62,25.74,1.47,4.76,46.71,-16.21,67.69
Aflac,86.08,653.4,101.63,11.99,35.92,167.35,-29.8,233.06
Agilent Technologies,149.76,1610.61,186.86,16.87,50.62,323.09,-85.61,459.33
Air Products and Chemicals,250.55,1868.61,288.7,30.76,124.35,453.05,-40.0,617.41
Airbnb,146.32,9613.27,281.91,1.54,-207.32,771.14,-696.54,1260.37
Akamai,91.19,2907.94,123.83,4.66,1.51,246.14,-120.81,368.46
Albemarle Corporation,129.62,3579.52,191.68,4.69,-14.03,397.39,-219.74,603.1
Alexandria Real Estate Equities,121.59,862.65,143.16,19.74,55.92,230.4,-31.32,317.65
Align Technology,271.7,9580.09,450.01,6.13,-167.24,1067.25,-784.49,1684.5
Allegion,125.99,927.99,148.57,14.56,54.88,242.27,-38.82,335.96
Alliant Energy,51.33,301.3,56.87,9.13,29.77,83.97,2.67,111.07
Allstate,172.71,1048.62,198.97,26.85,87.51,310.43,-23.95,421.88
Alphabet Inc. (Class A),168.65,1487.18,206.52,21.83,66.83,346.21,-72.86,485.9
Alphabet Inc. (Class C),170.29,2855.98,209.97,15.4,61.76,358.19,-86.45,506.4
Altria,44.9,214.12,49.42,6.77,25.45,73.38,1.49,97.35
Amazon,187.48,3458.21,239.92,11.04,32.68,447.16,-174.56,654.41
Amcor,10.36,75.82,12.06,1.75,4.8,19.33,-2.46,26.59
Ameren,74.4,460.39,84.37,14.08,42.15,126.59,-0.07,168.81
American Airlines Group,14.4,1491.82,27.76,0.15,-18.99,74.51,-65.74,121.25
American Electric Power,91.61,434.56,101.55,13.06,55.02,148.07,8.5,194.6
American Express,242.3,3164.45,299.72,26.27,88.45,510.99,-122.82,722.26
American International Group,80.11,1382.34,109.23,4.7,9.96,208.49,-89.31,307.76
American Tower,184.49,1334.22,213.11,31.75,88.17,338.04,-36.76,462.97
American Water Works,135.5,650.09,152.36,26.22,75.82,228.91,-0.73,305.45
Ameriprise Financial,433.55,8745.83,575.57,31.04,69.88,1081.26,-435.8,1586.94
Ametek,170.8,1275.25,198.68,23.81,79.21,318.14,-40.25,437.61
Amgen,310.15,2015.17,357.4,44.81,147.58,567.22,-62.25,777.05
Amphenol,127.57,1639.32,148.93,18.72,56.27,241.59,-36.39,334.25
Analog Devices,207.19,2275.59,256.64,19.41,71.25,442.04,-114.15,627.43
Ansys,328.25,6123.55,404.37,43.91,111.38,697.36,-181.61,990.35
Aon,293.1,1841.35,330.17,44.76,158.65,501.69,-12.86,673.21
APA Corporation,30.38,2680.62,60.68,0.36,-40.88,162.23,-142.43,263.79
Apple Inc.,183.05,1833.79,224.32,18.99,68.31,380.32,-87.7,536.33
Applied Materials,209.73,5644.26,290.31,10.57,1.82,578.8,-286.67,867.28
Aptiv,82.78,1549.01,118.44,4.48,-0.68,237.56,-119.8,356.68
Arch Capital Group,100.05,687.68,115.5,14.29,48.78,182.22,-17.94,248.94
Archer-Daniels-Midland,62.98,459.75,74.21,7.28,26.76,121.66,-20.69,169.11
Arista Networks,314.03,6659.41,495.26,9.07,-74.82,1065.33,-644.9,1635.41
Arthur J. Gallagher & Co.,250.82,1805.77,280.5,47.17,140.46,420.54,0.43,560.57
Assurant,176.5,1676.13,209.42,21.67,74.85,344.0,-59.72,478.57
AT&T,17.17,96.78,19.2,2.62,9.77,28.64,0.34,38.07
Atmos Energy,117.18,981.54,130.52,25.09,66.44,194.6,2.36,258.67
Autodesk,217.77,5070.59,297.05,12.71,6.42,587.69,-284.22,878.32
Automatic Data Processing,246.86,1666.56,280.29,44.38,131.34,429.23,-17.61,578.18
AutoZone,2979.32,21585.98,3407.53,541.65,1496.11,5318.94,-415.3,7230.36
AvalonBay Communities,196.89,1354.99,228.11,25.42,92.47,363.75,-43.17,499.39
Avery Dennison,225.61,2446.79,270.57,22.38,86.19,454.95,-98.2,639.34
Axon Enterprise,303.43,18778.53,538.45,6.6,-224.61,1301.51,-987.66,2064.57
Baker Hughes,32.34,808.33,48.0,1.58,-6.77,102.77,-61.54,157.54
Ball Corporation,69.16,512.63,81.11,11.26,30.98,131.23,-19.14,181.36
Bank of America,38.45,470.02,50.95,2.15,7.26,94.64,-36.43,138.32
Bank of New York Mellon,58.44,463.82,70.66,3.78,23.05,118.27,-24.56,165.88
"Bath & Body Works, Inc.",47.55,1242.27,74.94,0.8,-15.92,165.8,-106.78,256.67
Baxter International,35.69,248.39,41.29,3.62,18.39,64.18,-4.51,87.08
Becton Dickinson,235.67,1421.51,262.06,50.54,133.55,390.57,5.05,519.08
Berkshire Hathaway,412.05,2095.46,450.65,49.72,244.37,656.92,38.1,863.2
Best Buy,74.17,1532.16,111.17,3.27,-4.9,227.23,-120.97,343.3
Bio-Rad,282.0,2720.44,338.26,27.18,105.09,571.43,-128.08,804.59
Bio-Techne,80.91,705.65,96.43,8.86,32.95,159.91,-30.52,223.39
Biogen,221.5,6991.21,320.5,10.91,-12.67,653.67,-345.84,986.84
BlackRock,796.67,8144.97,981.89,99.03,306.84,1656.93,-368.21,2331.98
Blackstone,124.04,2507.33,171.85,9.57,14.56,329.13,-142.73,486.42
Boeing,178.51,5895.79,253.59,10.68,-2.08,509.27,-257.76,764.94
Booking Holdings,3805.75,60255.24,4970.01,288.83,751.93,9188.08,-3466.15,13406.16
BorgWarner,37.5,890.54,50.91,2.36,3.84,97.97,-43.22,145.04
Boston Properties,61.5,679.66,76.07,5.39,23.27,128.87,-29.53,181.67
Boston Scientific,73.69,689.85,88.39,10.39,27.44,149.34,-33.52,210.3
Bristol Myers Squibb,44.94,292.38,51.49,8.06,23.14,79.84,-5.21,108.19
Broadcom Inc.,1332.8,21472.54,1782.5,69.27,170.42,3394.57,-1441.66,5006.65
Broadridge Financial Solutions,195.69,1408.56,219.73,30.71,100.29,339.17,-19.15,458.61
Brown & Brown,87.07,531.94,98.47,15.94,46.14,150.79,-6.19,203.12
Brown–Forman,49.12,290.65,56.49,8.99,25.15,87.82,-6.18,119.16
Builders FirstSource,166.96,19242.67,368.42,2.56,-334.01,1070.86,-1036.45,1773.3
Bunge Global SA,106.03,1054.6,130.41,8.77,35.9,224.92,-58.61,319.43
Cadence Design Systems,287.48,3345.71,353.84,21.18,85.42,622.25,-183.0,890.67
Caesars Entertainment,36.18,8865.82,88.52,0.33,-123.67,300.72,-335.87,512.92
Camden Property Trust,106.64,629.06,124.0,18.46,51.51,196.48,-20.97,268.97
Campbell Soup Company,45.95,253.93,51.97,9.48,25.27,78.68,-1.44,105.38
Capital One,142.56,2517.01,191.79,9.24,18.72,364.86,-154.35,537.93
Cardinal Health,99.53,1045.65,119.17,11.03,40.0,198.34,-39.17,277.51
CarMax,71.71,1510.46,98.89,4.79,2.24,195.55,-94.41,292.2
Carnival,14.43,720.24,26.33,0.34,-11.32,63.98,-48.96,101.63
Carrier Global,65.5,1259.4,94.71,2.39,-2.63,192.06,-99.97,289.4
Catalent,55.81,1505.87,84.28,2.52,-13.77,182.34,-111.83,280.4
Caterpillar Inc.,354.79,4634.52,441.69,42.59,107.89,775.49,-225.91,1109.29
Cboe Global Markets,181.06,1110.06,210.43,28.94,87.74,333.12,-34.95,455.81
CBRE Group,90.22,1677.38,121.63,6.86,10.2,233.06,-101.22,344.49
CDW,222.46,2113.79,274.4,22.03,87.39,461.41,-99.62,648.42
Celanese,156.69,2635.19,208.04,12.3,28.86,387.22,-150.32,566.4
Cencora,224.6,1461.36,261.12,31.89,104.94,417.3,-51.24,573.48
Centene Corporation,77.79,1043.75,109.71,6.09,6.32,213.09,-97.06,316.48
CenterPoint Energy,29.7,290.79,34.58,3.41,13.4,55.76,-7.79,76.95
CF Industries,73.95,2435.0,112.51,2.29,-10.22,235.25,-132.96,357.98
CH Robinson,82.72,617.62,96.5,10.0,37.95,155.04,-20.59,213.59
Charles River Laboratories,228.12,2067.61,297.63,8.44,70.59,524.68,-156.46,751.73
Charles Schwab Corporation,76.11,876.47,100.46,5.18,16.78,184.13,-66.89,267.81
Charter Communications,275.55,2651.09,347.84,33.36,79.49,616.18,-188.85,884.52
Chevron Corporation,165.82,1932.85,199.89,17.9,62.48,337.3,-74.93,474.71
Chipotle Mexican Grill,3239.23,89787.18,4366.81,258.5,393.41,8340.21,-3579.99,12313.61
Chubb Limited,254.84,1515.76,288.8,29.93,132.96,444.64,-22.88,600.49
Church & Dwight,107.31,585.93,118.73,24.76,63.04,174.41,7.36,230.1
Cigna,348.39,3451.07,432.13,42.15,126.44,737.82,-179.25,1043.51
Cincinnati Financial,118.87,1024.64,141.22,17.26,50.26,232.17,-40.7,323.13
Cintas,700.27,5911.93,824.47,93.83,314.59,1334.35,-195.29,1844.23
Cisco,48.06,394.79,57.75,5.01,20.53,94.98,-16.7,132.21
Citigroup,63.53,1014.56,83.41,2.88,7.54,159.27,-68.32,235.14
Citizens Financial Group,36.06,1079.37,51.62,1.74,-2.14,105.38,-55.9,159.14
Clorox,143.35,634.76,159.32,27.14,79.5,239.14,-0.32,318.96
CME Group,208.46,1490.66,240.96,41.44,94.78,387.14,-51.39,533.31
CMS Energy,62.93,248.1,69.48,14.46,37.67,101.28,5.87,133.09
Coca-Cola Company (The),63.26,233.15,67.81,17.01,40.67,94.96,13.52,122.11
Cognizant,66.98,647.34,83.49,5.41,19.85,147.13,-43.79,210.77
Colgate-Palmolive,95.1,469.4,102.9,24.55,60.26,145.54,17.62,188.18
Comcast,39.31,270.4,45.48,3.91,19.27,71.69,-6.94,97.9
Comerica,53.57,1706.48,78.15,2.42,-6.23,162.53,-90.61,246.9
Conagra Brands,31.13,198.45,35.15,4.3,15.94,54.36,-3.27,73.56
ConocoPhillips,121.91,2506.84,163.86,8.99,15.95,311.76,-131.96,459.67
Consolidated Edison,97.7,495.17,107.1,24.69,59.64,154.57,12.18,202.03
Constellation Brands,261.95,2904.45,323.47,31.52,93.95,552.99,-135.57,782.5
Constellation Energy,214.93,4122.2,318.07,6.51,-19.89,656.04,-357.86,994.01
CooperCompanies,94.76,694.92,111.88,9.51,39.54,184.21,-32.79,256.55
Copart,54.74,425.13,65.28,8.61,24.0,106.56,-17.28,147.84
Corning Inc.,34.17,471.64,42.31,4.21,10.15,74.47,-22.01,106.63
Corpay,283.44,3716.91,357.33,24.72,83.11,631.54,-191.1,905.75
Corteva,57.48,759.52,78.86,2.59,7.98,149.73,-62.9,220.61
CoStar Group,89.88,1223.62,113.88,5.31,23.52,204.23,-66.83,294.59
Costco,787.19,3585.17,865.49,142.55,441.73,1289.26,17.96,1713.03
Coterra,28.08,566.7,40.09,1.37,0.33,79.85,-39.43,119.61
Crown Castle,99.51,964.88,114.87,16.47,48.76,180.97,-17.34,247.08
CSX,34.38,363.04,41.74,3.18,13.05,70.43,-15.63,99.11
Cummins,298.61,2799.37,369.37,30.64,103.52,635.22,-162.34,901.07
CVS Health,55.82,331.34,65.43,8.7,27.25,103.6,-10.93,141.78
Danaher Corporation,253.38,1381.86,289.31,39.25,133.86,444.76,-21.59,600.2
Darden Restaurants,148.25,3248.82,189.83,11.6,28.4,351.27,-133.04,512.71
DaVita Inc.,137.52,2083.75,171.83,11.02,46.22,297.44,-79.38,423.04
Dayforce,60.7,4439.47,104.85,1.12,-43.21,252.91,-191.27,400.98
Deckers Brands,861.99,25966.54,1361.49,12.58,-333.72,3056.71,-2028.94,4751.93
John Deere,407.89,3567.76,504.62,44.66,158.13,851.1,-188.35,1197.59
Delta Air Lines,52.6,1479.66,78.95,2.14,-9.92,167.82,-98.78,256.69
Devon Energy,50.12,4418.74,86.54,1.07,-44.02,217.09,-174.57,347.65
Dexcom,127.05,4154.37,216.54,3.87,-69.13,502.22,-354.81,787.89
Diamondback Energy,202.19,12689.47,374.75,3.85,-203.52,953.03,-781.8,1531.31
Digital Realty,141.46,1455.76,170.19,13.24,58.37,282.01,-53.46,393.83
Discover Financial,123.4,1786.53,168.71,7.07,13.42,323.99,-141.87,479.28
Dollar General,140.95,1188.47,170.09,17.27,56.73,283.45,-56.63,396.81
Dollar Tree,121.04,1491.12,153.14,13.35,35.09,271.19,-82.96,389.24
Dominion Energy,53.07,348.29,59.26,7.22,29.08,89.44,-1.11,119.63
Domino's,518.65,7323.15,649.29,50.74,160.3,1138.27,-328.68,1627.25
Dover Corporation,185.55,1691.13,222.86,22.27,74.93,370.79,-73.0,518.72
Dow Inc.,59.41,1646.78,85.22,3.7,1.38,169.07,-82.47,252.92
DR Horton,149.97,2083.47,208.17,10.35,19.07,397.28,-170.03,586.38
DTE Energy,115.49,566.67,128.71,24.67,65.48,191.93,2.26,255.15
Duke Energy,102.67,553.93,112.35,26.64,63.45,161.26,14.55,210.16
DuPont,78.76,962.69,101.17,6.17,19.64,182.71,-61.9,264.24
Eastman Chemical Company,101.03,1445.27,128.24,8.38,27.25,229.22,-73.74,330.21
Eaton Corporation,330.57,2883.7,396.76,26.83,130.18,663.34,-136.41,929.93
eBay,51.0,565.64,63.34,4.55,17.08,109.6,-29.18,155.86
Ecolab,233.52,2016.63,266.4,26.38,113.12,419.67,-40.15,572.94
Edison International,74.89,751.89,87.73,11.33,36.65,138.81,-14.43,189.89
Edwards Lifesciences,86.72,1183.5,112.68,6.74,17.33,208.02,-78.01,303.37
Electronic Arts,127.14,1440.89,161.86,9.0,31.5,292.22,-98.87,422.59
Elevance Health,539.18,4088.44,646.74,59.38,203.93,1089.55,-238.88,1532.36
Eli Lilly and Company,760.0,4437.17,878.36,118.66,362.31,1394.41,-153.73,1910.45
Emerson Electric,115.55,927.99,137.98,14.21,48.35,227.62,-41.29,317.25
Enphase,108.35,132465.31,627.01,0.07,-2723.0,3977.02,-6073.0,7327.02
Entergy,111.99,907.22,125.54,21.01,57.72,193.36,-10.11,261.18
EOG Resources,130.1,2591.01,192.46,7.75,-11.61,396.54,-215.69,600.62
EPAM Systems,183.4,4636.11,302.78,2.82,-69.48,675.04,-441.74,1047.3
EQT,38.93,1093.85,63.2,1.16,-17.03,143.42,-97.26,223.65
Equifax,241.59,1865.99,288.11,19.58,100.35,475.87,-87.41,663.63
Equinix,757.68,9717.66,968.51,64.4,217.75,1719.28,-533.02,2470.05
Equity Residential,66.8,485.9,78.69,9.24,32.73,124.65,-13.23,170.61
Essex Property Trust,258.95,2228.49,302.65,28.43,122.93,482.36,-56.79,662.08
Estée Lauder Companies (The),132.0,1778.14,166.89,10.75,42.63,291.16,-81.63,415.42
Etsy,61.92,7504.71,152.17,0.21,-151.27,455.62,-454.72,759.07
Everest Re,382.93,2705.26,437.65,34.88,184.76,690.55,-68.14,943.44
Evergy,55.42,352.78,62.16,10.76,30.54,93.77,-1.07,125.38
Eversource,61.92,301.91,69.11,12.63,33.79,104.43,-1.53,139.75
Exelon,37.67,245.83,42.71,6.78,18.8,66.62,-5.11,90.53
Expedia Group,112.84,3771.91,189.11,3.02,-61.84,440.05,-312.78,690.99
Expeditors International,118.33,725.58,139.14,18.85,57.5,220.77,-24.14,302.41
Extra Space Storage,146.67,1287.36,174.92,23.36,59.81,290.03,-55.3,405.14
ExxonMobil,117.96,931.95,138.55,16.21,51.34,225.76,-35.86,312.97
"F5, Inc.",171.62,4131.35,225.7,8.06,21.11,430.29,-183.48,634.87
FactSet,439.16,3021.42,515.65,48.69,202.98,828.33,-109.7,1141.01
Fair Isaac,1328.61,20857.77,1759.04,118.84,280.84,3237.23,-1197.36,4715.43
Fastenal,67.88,659.6,79.94,8.13,26.8,133.08,-26.34,186.21
Federal Realty,101.72,749.06,121.98,12.44,43.12,200.85,-35.75,279.72
FedEx,265.73,2810.61,331.25,27.41,83.47,579.03,-164.31,826.81
Fidelity National Information Services,74.64,652.49,91.76,9.3,29.49,154.04,-32.79,216.31
Fifth Third Bank,38.78,592.59,53.18,2.77,3.92,102.44,-45.35,151.7
First Solar,191.05,12671.93,372.07,2.42,-218.73,962.87,-809.53,1553.68
FirstEnergy,39.94,249.96,46.43,5.68,19.38,73.48,-7.66,100.52
Fiserv,154.22,879.5,177.87,21.23,79.97,275.78,-17.94,373.69
FMC Corporation,67.53,861.86,85.99,5.01,17.81,154.16,-50.36,222.34
Ford Motor Company,11.99,129.7,16.42,0.64,2.38,30.46,-11.66,44.5
Fortinet,58.16,1378.06,88.34,1.46,-14.15,190.82,-116.64,293.31
Fortive,76.88,616.85,91.35,10.29,31.79,150.91,-27.78,210.47
Fox Corporation (Class A),33.41,534.68,44.14,1.75,5.05,83.22,-34.04,122.31
Fox Corporation (Class B),30.94,474.03,39.95,2.09,7.06,72.84,-25.84,105.73
Franklin Templeton,23.74,274.59,30.69,1.8,6.6,54.78,-17.49,78.87
Freeport-McMoRan,51.59,2590.95,97.28,0.86,-48.5,243.07,-194.29,388.86
Garmin,168.93,1563.48,205.43,21.77,66.47,344.39,-72.49,483.35
Gartner,439.27,3108.47,527.33,39.75,163.25,891.41,-200.82,1255.49
GE Aerospace,163.38,1845.9,208.38,14.53,44.5,372.26,-119.38,536.15
GE HealthCare,83.4,1093.61,106.95,5.31,19.25,194.65,-68.46,282.35
GE Vernova,167.27,13920.71,359.29,1.67,-290.66,1009.25,-940.62,1659.21
Gen Digital,23.46,818.86,32.2,1.9,0.59,63.8,-31.01,95.4
Generac,137.52,4754.33,219.68,2.67,-62.64,502.0,-344.95,784.32
General Dynamics,296.44,2254.3,331.67,51.28,156.99,506.35,-17.69,681.03
General Mills,70.7,419.66,77.32,15.49,41.5,113.15,5.68,148.97
General Motors,45.21,999.57,60.46,2.71,6.47,114.44,-47.52,168.43
Genuine Parts Company,155.27,1157.82,182.01,19.66,72.95,291.07,-36.11,400.13
Gilead Sciences,65.96,553.98,79.8,8.25,25.82,133.79,-28.16,187.77
Global Payments,109.23,2565.58,139.13,7.94,28.63,249.62,-81.87,360.12
Globe Life,86.5,1203.91,111.11,6.52,22.17,200.05,-66.76,288.98
Goldman Sachs,454.73,4878.44,555.14,28.07,156.27,954.01,-242.61,1352.88
Halliburton,37.07,1722.62,61.94,0.84,-20.98,144.86,-103.91,227.79
Hartford (The),101.89,1286.0,134.26,9.55,22.49,246.03,-89.28,357.8
Hasbro,60.09,783.19,74.88,5.2,16.81,132.94,-41.25,191.01
HCA Healthcare,326.65,5339.18,440.59,24.61,41.05,840.13,-358.49,1239.67
Healthpeak,19.55,183.77,23.63,2.15,6.69,40.58,-10.25,57.52
Henry Schein,73.31,762.07,85.06,8.02,35.01,135.11,-15.04,185.15
Hershey's,204.78,1079.08,227.52,34.94,120.31,334.73,13.1,441.94
Hess Corporation,160.4,6252.13,242.87,6.92,-36.49,522.23,-315.84,801.58
Hewlett Packard Enterprise,17.06,233.26,22.9,1.15,2.33,43.46,-18.23,64.02
Hilton Worldwide,208.08,1736.41,251.43,23.69,73.81,429.05,-103.81,606.67
Hologic,75.14,1055.93,90.47,8.7,26.11,154.84,-38.25,219.2
Home Depot (The),346.43,3068.76,399.9,57.59,172.56,627.24,-54.79,854.59
Honeywell,202.92,1280.79,231.17,23.94,106.61,355.73,-17.96,480.29
Hormel Foods,35.63,218.22,39.51,6.69,20.11,58.92,0.7,78.33
Host Hotels & Resorts,18.34,336.73,24.37,1.2,3.19,45.54,-17.98,66.71
Howmet Aerospace,80.87,2072.22,126.4,3.13,-20.04,272.85,-166.49,419.29
HP Inc.,29.72,431.24,39.02,1.9,5.14,72.89,-28.73,106.76
Hubbell Incorporated,407.27,3090.89,483.94,55.57,172.88,795.0,-138.18,1106.06
Humana,335.59,4153.62,413.42,34.55,110.35,716.49,-192.72,1019.56
Huntington Bancshares,14.06,219.39,18.91,0.68,2.43,35.38,-14.04,51.86
Huntington Ingalls Industries,252.03,2705.13,301.9,27.54,100.12,503.68,-101.65,705.45
IBM,167.15,856.29,188.8,23.98,87.14,290.46,-14.53,392.12
IDEX Corporation,226.16,1614.24,256.46,30.08,112.59,400.33,-31.28,544.2
Idexx Laboratories,509.82,5429.3,623.84,64.93,153.29,1094.39,-317.26,1564.95
Illinois Tool Works,250.33,1772.52,287.74,47.62,126.68,448.81,-34.39,609.87
Illumina,110.53,4370.93,170.51,2.89,-34.55,375.56,-239.61,580.62
Incyte,53.06,1241.53,80.21,2.05,-9.63,170.06,-99.47,259.9
Ingersoll Rand,91.26,1451.14,122.15,6.32,15.9,228.4,-90.35,334.66
Insulet,165.9,3949.33,249.58,6.66,-20.69,519.85,-290.96,790.13
Intel,29.85,336.24,37.97,3.58,8.96,66.98,-20.05,95.99
Intercontinental Exchange,133.99,898.3,154.59,18.92,67.12,242.06,-20.34,329.53
International Flavors & Fragrances,97.18,734.5,116.08,11.75,40.92,191.25,-34.24,266.41
International Paper,38.58,417.62,48.77,4.45,12.81,84.74,-23.15,120.7
Interpublic Group of Companies (The),31.15,528.12,41.36,2.83,5.73,76.99,-29.91,112.63
Intuit,632.31,6899.5,783.08,74.82,221.24,1344.92,-340.6,1906.76
Intuitive Surgical,386.7,4227.88,499.06,28.0,103.86,894.26,-291.34,1289.46
Invesco,15.59,277.97,21.47,0.82,-0.15,43.1,-21.78,64.72
Invitation Homes,34.78,336.08,41.84,2.4,14.1,69.58,-13.63,97.32
IQVIA,234.08,3001.27,283.97,22.01,82.65,485.28,-118.66,686.6
Iron Mountain,79.77,797.95,97.87,8.73,28.42,167.32,-41.03,236.77
J.B. Hunt,170.59,1928.36,204.09,16.99,73.8,334.39,-56.5,464.69
Jabil,117.95,2478.56,170.52,6.67,-4.3,345.33,-179.11,520.15
Jack Henry & Associates,169.24,960.09,192.12,32.08,91.76,292.47,-8.59,392.83
Jacobs Solutions,139.24,1507.68,172.96,8.25,48.95,296.96,-75.05,420.97
Johnson & Johnson,149.91,581.2,159.68,38.42,97.21,222.15,34.74,284.62
Johnson Controls,65.59,784.15,77.81,8.12,28.58,127.04,-20.66,176.27
JPMorgan Chase,198.77,1687.09,236.11,10.62,75.68,396.55,-84.76,556.99
Juniper Networks,34.64,576.18,44.36,1.72,7.46,81.25,-29.43,118.14
Kellanova,61.86,331.64,67.94,11.83,36.66,99.21,5.39,130.49
Kenvue,20.54,194.25,23.99,3.04,9.37,38.62,-5.26,53.24
Keurig Dr Pepper,34.03,1643.0,63.22,0.63,-34.91,161.34,-133.03,259.47
KeyCorp,15.08,245.23,21.3,0.64,0.41,42.19,-20.48,63.08
Keysight,150.21,2302.16,192.21,8.9,47.41,337.01,-97.39,481.81
Kimberly-Clark,136.67,706.24,148.61,26.57,84.5,212.71,20.39,276.82
Kimco Realty,18.98,404.57,24.38,1.19,3.45,45.31,-17.48,66.25
Kinder Morgan,19.08,222.31,23.86,1.5,6.14,41.58,-11.58,59.3
KLA Corporation,718.27,11390.72,988.83,27.6,75.97,1901.7,-836.89,2814.56
Kraft Heinz,36.24,421.72,44.38,3.17,12.76,76.0,-18.85,107.61
Kroger,55.9,670.61,67.07,7.01,23.81,110.33,-19.46,153.6
L3Harris,219.6,1640.53,255.74,31.97,100.74,410.75,-54.27,565.76
LabCorp,207.67,1812.96,241.11,28.56,100.5,381.72,-40.1,522.32
Lam Research,915.42,18601.99,1295.99,44.7,-21.04,2613.02,-1338.08,3930.06
Lamb Weston,85.16,1849.58,112.58,7.4,15.56,209.6,-81.45,306.62
Las Vegas Sands,46.54,863.86,68.58,1.12,-4.19,141.35,-76.96,214.12
Leidos,147.48,1832.38,180.43,17.85,51.45,309.4,-77.52,438.38
Lennar,162.93,4128.4,237.13,7.12,-4.51,478.78,-246.15,720.42
Linde plc,434.39,2105.14,491.45,79.78,241.7,741.2,-8.05,990.96
Live Nation Entertainment,97.02,2602.08,136.54,4.01,1.7,271.38,-133.14,406.22
LKQ Corporation,44.21,621.13,57.39,2.49,9.73,105.05,-37.94,152.71
Lockheed Martin,468.88,2470.06,532.5,77.21,270.28,794.72,8.05,1056.94
Loews Corporation,77.98,921.41,90.3,12.86,38.2,142.41,-13.91,194.51
Lowe's,235.03,1916.73,279.56,20.81,90.92,468.2,-97.73,656.85
Lululemon Athletica,352.96,9634.89,530.46,17.86,-72.44,1133.36,-675.34,1736.26
LyondellBasell,101.37,1449.1,138.07,5.2,9.7,266.45,-118.68,394.82
M&T Bank,153.66,2195.98,191.52,14.24,41.16,341.89,-109.21,492.26
Marathon Oil,26.59,1183.77,47.87,0.25,-25.66,121.41,-99.2,194.95
Marathon Petroleum,179.56,3660.67,267.86,5.68,-12.16,547.87,-292.17,827.88
MarketAxess,206.11,3116.21,272.58,13.03,38.51,506.65,-195.56,740.72
Marriott International,240.46,3188.05,304.05,18.29,64.59,543.51,-174.87,782.97
Marsh McLennan,205.55,1137.94,226.68,41.35,120.33,333.03,13.98,439.38
Martin Marietta Materials,610.43,8051.11,775.53,56.56,196.75,1354.31,-382.03,1933.08
Masco,72.31,741.86,93.76,3.49,18.2,169.32,-57.36,244.88
Mastercard,456.98,4160.68,558.7,48.11,179.71,937.7,-199.29,1316.69
Match Group,30.69,822.7,46.48,1.0,-4.91,97.87,-56.3,149.26
McCormick & Company,76.15,396.65,84.59,11.92,42.94,126.24,1.28,167.9
McDonald's,275.0,1191.26,299.34,55.56,170.7,427.99,42.05,556.64
McKesson,559.91,4616.1,661.71,62.76,238.87,1084.54,-183.96,1507.38
Medtronic,82.84,634.83,94.95,13.41,42.36,147.54,-10.22,200.13
Merck & Co.,130.06,676.06,144.5,18.03,74.6,214.41,4.7,284.31
Meta Platforms,476.2,13997.9,717.15,13.25,-102.49,1536.78,-922.12,2356.42
MetLife,72.73,809.54,92.38,6.17,21.21,163.55,-49.95,234.72
Mettler Toledo,1510.25,12345.46,1830.04,171.15,601.18,3058.9,-627.69,4287.77
MGM Resorts,40.57,1271.92,70.11,0.56,-25.37,165.6,-120.86,261.09
Microchip Technology,91.5,1775.58,121.87,8.25,16.55,227.19,-88.77,332.51
Micron Technology,121.24,4815.53,209.81,2.95,-85.0,504.62,-379.81,799.44
Microsoft,414.74,3746.87,490.59,53.35,180.01,801.16,-130.57,1111.74
Mid-America Apartment Communities,135.47,872.62,153.08,23.43,68.37,237.79,-16.34,322.5
Moderna,117.31,65363.83,476.52,0.21,-1582.34,2535.38,-3641.19,4594.23
Mohawk Industries,119.81,3384.5,171.98,4.47,-0.67,344.63,-173.32,517.28
Molina Healthcare,354.6,6352.14,523.42,13.84,-48.08,1094.93,-619.58,1666.43
Molson Coors Beverage Company,59.05,629.73,70.11,6.06,24.23,115.98,-21.64,161.86
Mondelez International,71.2,412.07,81.14,9.27,37.1,125.19,-6.95,169.23
Monolithic Power Systems,702.54,21119.37,1035.81,20.24,-137.1,2208.73,-1310.02,3381.64
Monster Beverage,55.46,551.19,70.49,5.53,15.65,125.32,-39.18,180.15
Moody's Corporation,400.35,4744.9,493.91,38.13,138.43,849.39,-217.05,1204.87
Morgan Stanley,98.28,1449.96,131.48,5.54,17.51,245.45,-96.45,359.41
Mosaic Company (The),29.43,889.06,44.3,1.25,-4.62,93.22,-53.54,142.14
Motorola Solutions,362.85,3234.2,423.58,44.9,167.49,679.68,-88.61,935.78
MSCI,485.16,5438.42,601.76,41.61,130.91,1072.61,-339.94,1543.46
"Nasdaq, Inc.",60.66,493.24,71.78,5.7,26.85,116.7,-18.07,161.62
NetApp,108.5,1228.9,143.79,8.72,20.79,266.79,-102.2,389.78
Netflix,610.87,34411.48,1212.4,13.31,-702.82,3127.61,-2618.04,5042.83
Newmont,42.49,683.54,56.67,1.56,6.73,106.61,-43.21,156.56
News Corp (Class A),25.03,240.54,30.62,2.01,9.34,51.89,-11.94,73.17
News Corp (Class B),25.86,443.18,32.53,3.05,8.62,56.45,-15.3,80.37
NextEra Energy,73.79,419.63,82.93,9.55,39.78,126.08,-3.36,169.23
"Nike, Inc.",90.94,783.32,109.16,8.26,32.6,185.71,-43.96,262.27
NiSource,28.68,159.7,32.38,3.98,14.73,50.04,-2.92,67.69
Nordson Corporation,278.89,2622.9,350.76,29.96,98.0,603.53,-154.77,856.29
Norfolk Southern Railway,230.29,2396.09,275.48,31.34,92.95,458.01,-89.58,640.54
Northern Trust,86.7,893.19,106.75,10.11,31.08,182.43,-44.6,258.11
Northrop Grumman,474.8,3544.2,551.44,62.8,245.32,857.56,-60.8,1163.68
Norwegian Cruise Line Holdings,16.1,1255.77,35.44,0.1,-29.1,99.98,-93.64,164.51
NRG Energy,83.65,1316.55,113.84,2.88,8.39,219.29,-97.06,324.73
Nucor,174.47,2294.89,224.94,14.5,42.22,407.66,-140.51,590.38
Nvidia,898.78,93286.99,1475.07,14.29,-782.49,3732.63,-3040.06,5990.2
"NVR, Inc.",7655.39,62552.01,9330.13,766.71,2799.76,15860.5,-3730.61,22390.88
NXP Semiconductors,261.73,5429.01,412.71,8.46,-64.2,889.63,-541.12,1366.54
O'Reilly Auto Parts,1019.33,7523.28,1168.46,127.2,452.69,1884.23,-263.08,2600.0
Occidental Petroleum,63.57,1399.57,102.12,1.17,-23.59,227.83,-149.31,353.55
Old Dominion,185.04,2248.46,235.71,18.91,52.69,418.72,-130.32,601.74
Omnicom Group,95.82,729.58,111.81,16.14,44.28,179.33,-23.25,246.86
ON Semiconductor,70.46,3627.47,119.29,1.24,-41.17,279.75,-201.63,440.2
ONEOK,80.07,1785.43,117.12,3.45,-11.78,246.02,-140.68,374.92
Oracle Corporation,116.67,1029.97,141.83,12.95,47.15,236.51,-47.53,331.19
Otis Worldwide,97.1,800.21,115.92,11.27,41.19,190.65,-33.54,265.38
Paccar,109.18,715.39,128.85,11.65,47.16,210.54,-34.53,292.23
Packaging Corporation of America,179.4,1959.45,215.69,23.1,71.04,360.34,-73.62,505.0
Palo Alto Networks,297.47,5508.97,440.48,11.37,-21.79,902.75,-484.07,1365.03
Paramount Global,13.05,478.21,20.15,0.39,-2.74,43.04,-25.63,65.94
Parker Hannifin,561.13,8450.12,703.27,44.97,160.43,1246.1,-382.41,1788.94
Paychex,122.55,800.79,140.31,17.49,63.9,216.72,-12.51,293.13
Paycom,173.39,6263.43,314.72,5.95,-130.53,759.97,-575.77,1205.22
PayPal,62.93,1358.28,91.43,3.16,-3.24,186.09,-97.9,280.75
Pentair,83.32,909.82,104.99,9.07,29.46,180.52,-46.08,256.05
PepsiCo,179.79,630.11,193.32,43.71,116.26,270.39,39.19,347.46
Pfizer,28.01,157.89,32.12,5.72,15.46,48.78,-1.2,65.44
PG&E Corporation,17.83,970.93,33.3,0.22,-17.16,83.76,-67.62,134.23
Philip Morris International,99.66,471.99,112.29,17.47,54.85,169.72,-2.59,227.16
Phillips 66,145.6,2256.67,190.19,12.28,26.66,353.73,-136.87,517.26
Pinnacle West,77.24,416.81,86.21,15.52,42.59,129.83,-1.04,173.46
PNC Financial Services,157.58,1932.78,193.43,18.14,56.75,330.11,-79.94,466.8
Pool Corporation,374.21,3877.39,460.77,45.32,137.93,783.6,-184.91,1106.44
PPG Industries,135.33,1117.51,160.68,16.95,60.3,261.05,-40.07,361.42
PPL Corporation,29.14,138.76,32.41,3.58,16.08,48.75,-0.26,65.08
Principal Financial Group,83.96,962.28,111.11,6.06,20.96,201.27,-69.2,291.43
Procter & Gamble,166.85,637.74,180.08,44.78,110.36,249.79,40.64,319.51
Progressive Corporation,215.76,1450.4,246.07,27.05,114.11,378.03,-17.84,509.98
Prologis,107.49,942.44,130.18,12.03,41.2,219.16,-47.78,308.14
Prudential Financial,118.83,1598.05,157.62,10.28,24.58,290.65,-108.45,423.68
Public Service Enterprise Group,74.01,428.56,82.54,15.15,41.45,123.64,0.35,164.73
PTC,180.0,1874.13,234.65,11.41,40.06,429.23,-154.52,623.81
Public Storage,275.94,1604.71,315.25,47.37,148.27,482.23,-18.72,649.21
PulteGroup,117.68,2490.33,172.9,4.06,-15.51,361.32,-203.93,549.74
Qorvo,97.69,9011.53,157.2,3.79,-62.42,376.82,-282.04,596.44
Quanta Services,271.48,3761.99,352.16,19.8,57.27,647.04,-237.62,941.93
Qualcomm,182.08,2540.06,240.71,11.51,35.31,446.1,-170.08,651.49
Quest Diagnostics,138.42,966.83,158.71,26.54,71.83,245.58,-15.04,332.46
Ralph Lauren Corporation,167.15,2498.79,229.57,8.12,14.23,444.92,-201.12,660.26
Raymond James,125.7,1223.83,157.56,7.55,40.18,274.95,-77.21,392.34
RTX Corporation,106.32,827.77,123.39,13.2,50.53,196.26,-22.34,269.12
Realty Income,55.01,395.78,65.16,4.65,26.0,104.33,-13.17,143.5
Regency Centers,59.57,712.89,72.0,7.11,21.65,122.35,-28.69,172.69
Regeneron,973.8,19896.48,1394.89,21.69,-61.24,2851.02,-1517.38,4307.15
Regions Financial Corporation,19.83,615.11,28.47,0.7,-2.31,59.25,-33.09,90.03
Republic Services,189.24,922.11,206.83,30.06,113.78,299.89,20.72,392.94
ResMed,213.82,3042.29,268.95,19.43,62.36,475.54,-144.23,682.13
Revvity,104.8,1185.31,126.76,13.53,38.75,214.76,-49.25,302.77
Robert Half,70.76,671.84,88.87,6.94,21.45,156.29,-45.97,223.71
Rockwell Automation,273.59,3962.14,350.07,29.26,83.4,616.74,-183.27,883.42
"Rollins, Inc.",46.63,449.77,54.31,6.74,21.47,87.15,-11.38,119.99
Roper Technologies,523.5,3381.82,594.01,85.08,270.13,917.88,-53.74,1241.75
Ross Stores,133.48,1236.4,165.4,10.48,44.87,285.92,-75.66,406.45
Royal Caribbean Group,141.04,6055.41,244.21,3.26,-97.65,586.08,-439.52,927.95
S&P Global,431.57,3306.13,512.93,57.75,196.75,829.11,-119.42,1145.29
Salesforce,276.67,4254.47,379.31,10.46,23.64,734.98,-332.03,1090.65
SBA Communications,197.51,1704.7,232.09,24.42,90.49,373.69,-51.11,515.29
Schlumberger,48.5,1157.55,68.62,1.88,1.5,135.74,-65.62,202.86
Seagate Technology,94.01,2911.66,146.8,4.15,-21.67,315.27,-190.14,483.74
Sempra Energy,77.18,472.72,86.74,12.79,41.15,132.33,-4.44,177.91
ServiceNow,729.79,15058.86,1132.73,35.92,-124.16,2389.63,-1381.05,3646.52
Sherwin-Williams,320.86,2315.79,371.54,47.76,151.31,591.76,-68.91,811.98
Simon Property Group,147.72,2202.75,194.62,11.53,26.67,362.58,-141.29,530.54
Skyworks Solutions,92.2,2835.81,139.27,3.57,-18.86,297.4,-176.99,455.53
J.M. Smucker Company (The),115.34,541.09,130.06,21.57,64.11,196.0,-1.83,261.94
Snap-on,280.91,2001.0,338.35,30.86,120.94,555.76,-96.47,773.17
Solventum,63.74,1570.28,93.03,1.66,-7.83,193.9,-108.69,294.76
Southern Company,78.14,467.16,87.2,19.23,47.29,127.12,7.38,167.03
Southwest Airlines,27.36,386.41,36.77,2.24,5.01,68.54,-26.75,100.3
Stanley Black & Decker,89.84,1398.62,117.49,7.99,19.05,215.92,-79.38,314.36
Starbucks,76.11,572.02,91.19,8.94,32.12,150.27,-26.95,209.34
State Street Corporation,76.58,842.43,98.5,5.67,21.48,175.52,-55.54,252.54
Steel Dynamics,135.18,3290.03,189.72,7.02,-2.24,381.68,-194.2,573.63
Steris,231.33,1873.52,269.22,29.76,109.51,428.92,-50.19,588.62
Stryker Corporation,330.58,3235.32,385.25,56.06,147.16,623.34,-90.93,861.43
Supermicro,798.5,106486.12,1816.05,18.22,-1823.02,5455.13,-5462.1,9094.2
Synchrony Financial,45.73,795.54,65.7,1.89,-1.97,133.37,-69.64,201.04
Synopsys,556.71,4275.19,659.45,76.7,240.82,1078.08,-177.81,1496.71
Sysco,76.17,678.37,90.74,8.47,31.54,149.93,-27.65,209.13
T-Mobile US,164.2,4068.97,228.39,9.06,3.89,452.89,-220.6,677.38
T. Rowe Price,111.6,1055.07,138.12,9.69,40.44,235.8,-57.24,333.48
Take-Two Interactive,145.88,2826.13,194.17,8.18,18.11,370.24,-157.95,546.3
"Tapestry, Inc.",40.07,1091.13,61.53,1.04,-7.89,130.96,-77.32,200.38
Targa Resources,113.2,5790.44,216.21,2.61,-119.9,552.33,-456.02,888.44
Target Corporation,163.13,2244.73,197.9,18.69,59.39,336.41,-79.12,474.92
TE Connectivity,146.19,1019.51,175.72,14.58,63.32,288.12,-49.08,400.52
Teledyne Technologies,393.49,4582.16,478.69,34.04,157.06,800.31,-164.57,1121.94
Teleflex,203.93,1586.12,242.78,24.25,86.94,398.62,-68.9,554.46
Teradyne,122.92,5883.43,177.45,6.27,-18.16,373.06,-213.77,568.67
"Tesla, Inc.",168.47,16029.42,397.22,2.79,-363.61,1158.05,-1124.44,1918.89
Texas Instruments,187.05,1807.38,227.7,24.72,72.64,382.76,-82.42,537.82
Textron,88.55,1095.23,115.25,3.97,14.63,215.86,-85.98,316.47
Thermo Fisher Scientific,593.03,4955.8,694.51,74.0,278.66,1110.36,-137.19,1526.21
TJX Companies,98.81,664.39,114.55,14.87,46.79,182.3,-20.96,250.05
Tractor Supply,271.43,3443.88,334.95,19.75,94.64,575.26,-145.68,815.58
Trane Technologies,331.98,2807.13,402.4,29.7,136.58,668.21,-129.23,934.02
TransDigm Group,1310.49,47488.29,1703.26,91.79,206.31,3200.22,-1290.65,4697.18
Travelers Companies (The),218.5,2104.03,244.82,34.31,112.59,377.05,-19.65,509.28
Trimble Inc.,56.8,676.95,75.22,3.32,9.37,141.07,-56.49,206.92
Truist,39.47,628.48,49.99,3.23,8.66,91.32,-32.67,132.66
Tyler Technologies,484.76,6440.8,608.63,55.09,156.83,1060.43,-294.96,1512.23
Tyson Foods,59.65,522.48,71.92,5.48,23.21,120.63,-25.5,169.34
U.S. Bank,41.85,412.62,51.02,3.58,16.32,85.72,-18.38,120.42
Uber,66.99,5092.2,135.11,0.8,-94.89,365.11,-324.89,595.1
"UDR, Inc.",39.04,382.87,44.69,4.6,17.52,71.87,-9.66,99.04
Ulta Beauty,401.59,10746.37,594.94,19.64,-39.09,1228.96,-673.11,1862.98
Union Pacific Corporation,247.4,1471.13,286.82,21.58,121.07,452.58,-44.69,618.33
United Airlines Holdings,52.72,3139.44,95.91,1.05,-39.36,231.18,-174.63,366.44
United Parcel Service,147.37,942.51,170.09,27.14,75.59,264.6,-18.92,359.11
United Rentals,698.13,17459.39,1166.01,17.25,-269.55,2601.56,-1705.1,4037.11
UnitedHealth Group,512.81,3772.19,593.52,65.67,242.27,944.78,-108.98,1296.03
Universal Health Services,178.09,3033.1,239.41,11.87,37.54,441.27,-164.33,643.14
Valero Energy,156.13,3979.42,222.09,7.44,-10.19,454.36,-242.46,686.64
Ventas,47.56,579.01,64.44,3.37,10.51,118.37,-43.43,172.3
Veralto,96.5,759.41,116.46,9.99,39.69,193.23,-37.08,270.0
Verisign,171.23,1353.53,203.93,23.5,73.5,334.35,-56.92,464.78
Verisk,248.31,1384.08,281.22,42.28,133.62,428.82,-13.99,576.43
Verizon,40.4,197.99,44.07,9.65,24.97,63.16,5.87,82.26
Vertex Pharmaceuticals,422.78,10326.75,648.1,6.29,-74.79,1370.99,-797.67,2093.88
Viatris,11.16,168.81,15.44,0.69,1.13,29.75,-13.18,44.06
Vici Properties,29.5,574.9,39.38,2.59,5.02,73.74,-29.34,108.1
Visa Inc.,280.74,3335.31,331.61,39.1,126.93,536.29,-77.75,740.97
Vistra,93.42,1448.41,126.87,7.73,15.98,237.76,-94.92,348.66
Vulcan Materials Company,272.07,5021.83,355.62,20.46,61.0,650.23,-233.61,944.85
W. R. Berkley Corporation,79.74,463.76,89.61,15.1,43.17,136.06,-3.28,182.51
W. W. Grainger,958.68,8041.44,1155.37,127.71,384.3,1926.44,-386.77,2697.52
Wabtec,168.34,1859.53,211.53,16.88,47.02,376.05,-117.49,540.56
Walgreens Boots Alliance,17.19,176.14,21.1,1.75,5.62,36.59,-9.86,52.07
Walmart,60.48,383.75,66.74,13.14,36.3,97.18,5.86,127.62
Walt Disney Company (The),105.79,888.26,124.91,13.41,46.97,202.85,-30.97,280.79
Warner Bros. Discovery,8.15,202.75,12.02,0.37,-0.88,24.91,-13.78,37.81
Waste Management,211.49,1003.45,229.83,48.54,130.29,329.37,30.75,428.91
Waters Corporation,351.11,3303.71,427.7,35.4,138.15,717.25,-151.4,1006.8
WEC Energy Group,85.43,473.0,94.8,16.37,48.81,140.79,2.82,186.78
Wells Fargo,61.89,590.63,76.07,2.46,19.15,132.98,-37.76,189.89
Welltower,98.83,930.73,122.85,6.62,33.84,211.87,-55.17,300.88
West Pharmaceutical Services,364.19,3015.88,436.95,33.97,143.19,730.7,-150.57,1024.46
Western Digital,71.6,1795.48,114.01,2.58,-20.01,248.03,-154.02,382.04
WestRock,51.64,1270.04,72.82,2.47,0.47,145.17,-71.88,217.52
Weyerhaeuser,30.97,931.57,46.8,1.53,-7.36,100.97,-61.52,155.13
Williams Companies,39.64,816.33,58.4,1.94,-1.36,118.16,-61.13,177.92
Willis Towers Watson,256.93,1610.5,290.38,47.08,129.79,450.97,-30.79,611.56
Wynn Resorts,96.39,3832.06,168.09,4.08,-56.68,392.86,-281.46,617.63
Xcel Energy,55.46,432.49,61.95,10.41,32.72,91.18,3.49,120.41
Xylem Inc.,143.0,1153.31,170.32,17.75,60.46,280.18,-49.4,390.05
Yum! Brands,137.62,950.09,157.74,17.32,67.13,248.35,-23.48,338.95
Zebra Technologies,315.8,10010.27,440.01,19.44,-6.12,886.14,-452.25,1332.27
Zimmer Biomet,121.31,1037.52,142.03,14.91,49.85,234.21,-42.33,326.39
Zoetis,169.04,1661.93,199.48,25.48,71.36,327.59,-56.76,455.71
